   -1.316154,    0.241572,   -0.082363
   -1.270204,    0.047659,   -3.063085
   -2.226533,    0.189323,   -2.186031
   -0.858030,   -0.052170,    0.966180
    1.252425,   -0.110158,    0.348179
   -4.531430,    0.213261,   -4.707618
    0.231156,    0.019225,   -0.514144
    0.426160,   -0.103493,    1.572872
    0.869675,   -0.014621,    1.824736
    0.511213,   -0.080203,    0.669640
   -0.067020,    0.226253,   -1.985691
   -1.699798,    0.151531,   -2.512396
   -4.047100,    0.207782,    2.785931
    5.804887,   -0.028744,   -0.300967
   -0.004346,    0.090078,   -2.161746
   -1.753158,   -0.162522,    0.625016
   -0.898511,   -0.083653,   -0.209205
    1.863232,    0.054635,   -0.075974
    1.941409,   -0.125019,    0.253874
    1.070888,   -0.033875,    1.278444
   -1.915984,    0.031082,    0.624304
    3.271369,   -0.070444,    1.767779
    0.844555,   -0.026821,   -0.432473
   -0.457290,   -0.073215,    0.864642
   -1.538889,    0.060547,    0.600794
    1.321182,   -0.103734,    1.610690
    1.724692,    0.089361,    0.117768
   -3.502350,    0.096058,   -0.654881
    0.467620,    0.060794,    0.299507
    1.211184,    0.167815,   -0.160178
    1.770590,    0.083422,   -0.631977
   -0.733502,    0.092031,   -0.685607
   -1.139514,   -0.062381,   -0.693157
   -1.518063,    0.031501,   -0.420663
    0.779556,    0.003851,    0.621142
   -1.402997,    0.042734,   -0.854988
   -0.964806,   -0.195289,    0.670310
   -2.653988,    0.052460,   -0.921727
    0.489822,    0.000005,    0.819537
   -0.207017,    0.036963,    0.350570
   -2.818033,   -0.033093,    0.556486
    2.742282,   -0.203103,    1.131277
   -2.887390,   -0.003845,   -2.764755
    0.302420,    0.033881,   -0.280868
    0.156435,   -0.063360,   -0.093502
   -1.082875,    0.049919,   -1.290600
   -1.750659,   -0.084908,    0.590705
   -1.926098,    0.071509,   -0.506549
    2.564288,    0.027416,    0.742925
    1.015135,    0.165904,   -1.304013
   -0.417731,   -0.004809,   -1.163978
   -2.630273,    0.085044,   -1.441269
    2.433433,    0.020184,   -1.383311
    0.852465,   -0.065728,    1.211189
    2.185139,   -0.015076,    0.985906
    0.087988,    0.077910,    0.950417
   -1.524266,    0.159513,   -0.603854
   -1.705494,    0.057845,   -1.308758
   -5.981357,    0.050069,   -2.387191
   -0.461073,   -0.040904,    1.616626
   -2.657311,    0.089703,   -1.647321
    2.085071,   -0.079804,    1.191683
   -2.757741,    0.150654,   -0.222650
   -0.919902,   -0.077934,    0.772950
    2.084652,   -0.019493,   -1.453319
   -3.026893,    0.197641,   -0.024115
   -2.981609,    0.166034,    0.544759
    1.737686,   -0.060474,   -0.033999
    4.347235,   -0.059981,    1.468387
    2.374793,    0.028877,    1.434877
   -3.593014,   -0.079812,   -0.345366
   -1.941388,   -0.047466,    0.091950
   -1.481345,   -0.037572,   -0.139407
   -1.495400,    0.108669,   -0.508472
   -2.546276,   -0.037591,   -3.071676
    1.033195,    0.012612,   -1.007800
    4.808824,   -0.158623,    3.038413
   -1.824074,    0.066162,   -2.014356
    2.630559,   -0.001111,    0.527054
    3.270075,   -0.008949,    2.248812
   -0.810896,   -0.399587,    0.872457
   -2.199583,   -0.090568,    1.589477
    5.010068,   -0.361956,    3.979649
    2.147811,   -0.017931,   -1.124022
   -3.003331,   -0.067831,   -1.037082
   -1.914541,    0.013626,   -0.174435
    0.502137,   -0.115607,    0.049485
    1.063007,    0.103665,    0.429862
    0.856448,    0.151563,   -0.231497
    2.000649,   -0.175869,    1.769162
    2.523881,   -0.260417,    2.313386
   -2.399368,    0.241153,   -1.569930
    1.265345,    0.162078,    0.486956
    1.036728,   -0.091301,    0.671380
   -1.321368,   -0.045056,    0.215665
   -0.690125,    0.147873,   -0.429612
    0.881255,    0.131946,   -0.222823
   -0.223522,   -0.172892,   -0.494021
   -0.748595,   -0.275260,    0.023075
   -0.572856,   -0.339659,   -0.224739
    0.684434,    0.022935,    1.458216
    2.385598,   -0.299571,    0.639408
    1.270740,    0.144445,    0.310834
    2.400163,   -0.014413,    1.207805
    0.425486,   -0.179619,    1.071059
   -1.580356,   -0.064606,    0.202156
   -0.202204,    0.098746,   -0.514869
   -0.936522,    0.057098,   -0.199100
   -1.957256,    0.134547,   -1.492356
    0.583503,   -0.146603,    1.912345
   -0.868887,   -0.012090,    0.910093
    2.222354,    0.389145,    1.994064
   -0.910653,   -0.127951,   -0.503239
   -0.978748,   -0.065552,    0.803096
   -1.233565,   -0.366426,   -0.368405
   -1.366113,   -0.082548,   -0.345840
   -1.766704,   -0.136017,   -1.331511
   -0.017368,    0.083377,   -1.727655
   -2.405132,   -0.016577,   -2.464624
    0.943078,   -0.147028,   -1.811655
   -1.690307,   -0.115531,   -1.418326
   -0.223066,   -0.009707,    0.956306
   -1.597986,    0.090711,    1.554741
    0.928992,    0.187257,    0.884163
    0.072101,    0.179572,   -1.723923
   -0.521145,   -0.091380,    0.478157
    0.657973,   -0.094937,    0.000605
    2.497562,    0.124266,    1.552703
    0.578295,   -0.346456,    1.370888
    1.606577,   -0.017141,    0.785330
   -0.856216,   -0.047170,   -0.615529
   -1.730594,   -0.054250,   -0.320517
   -1.656102,    0.060839,    0.095066
   -3.174898,    0.121374,   -2.277318
   -0.302847,   -0.175792,   -0.113120
   -0.155295,    0.055967,   -1.729142
   -0.552219,    0.095210,   -1.097740
    1.793147,    0.047483,    2.503838
    0.790767,   -0.041927,    0.010589
   -0.624073,    0.023067,   -1.372583
   -1.092073,    0.061901,    0.622654
   -1.425220,    0.058636,   -2.817928
    1.904483,    0.142359,    0.920147
   -0.470579,    0.131226,   -0.513140
   -0.539314,   -0.068703,   -0.355599
   -1.397123,    0.067692,   -1.617951
   -1.353450,   -0.014894,    0.111677
    1.355658,    0.176708,    0.787260
    2.527973,    0.219444,    0.475248
    1.684053,   -0.005766,   -0.053262
    1.512257,    0.024613,    1.042531
    0.040152,   -0.043836,    0.045860
   -0.207081,    0.007143,   -0.680126
   -1.340861,    0.117558,   -1.604639
   -0.006078,    0.029806,    0.063098
    0.479404,   -0.039957,    0.470085
   -1.535735,    0.004526,   -1.480079
   -1.781167,    0.270493,   -2.096435
   -0.827924,    0.142024,   -0.328063
    0.249252,    0.006401,    0.022427
    1.496033,   -0.062610,    0.626295
   -0.728306,    0.069965,   -1.930420
   -1.586847,    0.033226,   -0.117451
   -1.454727,    0.188991,   -1.253863
   -1.347845,   -0.103439,    1.784130
    1.718817,   -0.210463,   -0.328791
    0.828752,   -0.118848,   -0.582880
    0.856650,    0.017143,    0.478530
    1.741953,   -0.137297,    0.870504
   -0.132116,   -0.050803,    0.146260
   -1.106238,    0.187360,   -1.004912
   -0.752896,    0.052850,   -0.345157
   -2.228779,    0.150494,   -0.950752
   -0.617852,   -0.037837,    0.269657
   -0.823414,    0.001357,   -0.205257
   -0.398512,   -0.307593,    2.075427
   -2.421664,   -0.231881,   -0.682129
   -1.183942,    0.200220,   -2.323121
   -1.960842,    0.191214,   -2.334692
   -0.299661,   -0.010275,    0.263657
   -7.993756,    0.035733,   -2.236279
    4.656627,    0.193505,   -0.616992
    0.622079,   -0.119027,    0.299784
   -2.330976,    0.215068,   -1.968271
    1.057129,   -0.023874,   -2.266426
   -1.808891,    0.253247,   -0.329321
   -1.877989,   -0.075293,   -2.045020
   -3.052358,   -0.063991,   -2.181937
   -1.249867,   -0.220673,    0.506279
    4.825135,   -0.203383,    3.291477
    1.092532,    0.176254,   -0.252518
   -1.559478,    0.029633,    0.419905
    0.308708,    0.158538,    0.359118
    2.507539,    0.096719,    2.168502
   -1.018831,   -0.078938,   -0.934962
    0.344154,    0.141206,    1.409612
    1.632911,    0.255588,    0.836597
    2.245035,   -0.063741,    1.073073
    0.056663,   -0.034036,   -0.642783
    0.148968,   -0.064385,   -0.375739
   -1.230028,   -0.154417,   -1.191800
    2.766542,   -0.035359,    2.441224
    2.830516,   -0.120890,    1.473033
   -1.350335,    0.147438,   -0.701765
   -0.549906,    0.023586,   -1.022510
    0.604520,    0.064179,    0.579614
    3.727307,   -0.098500,   -0.655714
   -2.365052,    0.037594,   -0.578122
   -1.919630,    0.104199,    0.582562
    0.144047,   -0.030269,    2.427746
    2.778076,    0.025637,    0.769537
    0.440603,    0.127456,   -0.426597
   -1.879972,    0.262635,   -0.074160
    2.576560,   -0.033618,    0.994400
   -1.767867,    0.109794,   -2.998086
   -2.560561,    0.177378,   -0.928584
    1.064124,    0.006454,    0.799815
    0.019631,    0.298874,    0.579022
    3.061017,   -0.098602,    1.794857
    0.660040,    0.112192,    0.755995
    0.618864,    0.242105,   -1.117205
    1.857774,   -0.080221,    1.203076
   -1.074113,   -0.104628,   -0.131772
   -1.618530,    0.010802,   -0.870710
    3.507112,   -0.208067,    2.528991
    0.914493,   -0.316245,    0.045338
    1.032612,   -0.161215,    0.342407
    1.572501,   -0.051014,    0.384845
    0.847227,    0.016705,    1.926187
   -2.201463,    0.113632,   -1.143802
    0.086822,   -0.346426,    0.338491
    2.135100,   -0.003063,   -0.214546
    0.042455,    0.074056,    0.637266
    1.038053,    0.004668,    0.259786
   -0.838828,   -0.282774,   -0.615719
   -1.021161,    0.060488,   -1.591792
   -0.032948,    0.120866,    0.933934
    0.457150,    0.171973,    0.092387
   -0.166367,   -0.048463,   -0.488185
    1.477815,    0.053713,    0.407673
    3.817305,   -0.513771,    1.654117
   -0.257465,   -0.269381,   -0.444771
   -0.712764,   -0.029928,   -1.145542
   -1.432313,   -0.030405,   -1.313180
    0.427525,    0.168935,    0.166134
   -1.628484,    0.271315,   -0.638459
   -1.991541,   -0.117358,   -1.830514
   -0.862365,   -0.091549,    0.573200
    1.090462,   -0.239642,    0.172528
    0.503117,    0.130724,    0.907562
   -1.615699,    0.220037,    0.600831
   -1.392489,   -0.063774,   -0.056994
    1.448705,   -0.045134,    1.278144
    1.953964,   -0.213631,    1.432183
    0.880000,    0.097124,   -0.425864
   -1.693107,    0.167660,   -3.533994
    3.596483,    0.155257,    1.280328
    0.403524,   -0.154578,    1.101467
   -0.432876,    0.166516,   -0.597963
   -1.932208,    0.074205,    0.059825
   -0.229236,   -0.162166,   -0.345219
   -1.276669,    0.170236,   -1.289344
    1.169789,   -0.061016,   -0.594974
   -3.402617,    0.152641,   -0.592678
   -0.800000,   -0.050779,    0.458107
   -1.608305,    0.063506,   -0.171658
    1.360684,   -0.142350,    1.491974
   -0.495990,   -0.173510,   -1.204272
   -0.842789,    0.014775,   -0.189068
    0.468723,   -0.256534,   -0.163985
    0.466436,    0.136605,    0.513580
    0.788743,   -0.139695,    0.939313
   -1.011830,   -0.177790,    1.549937
   -0.531899,   -0.116528,    0.764153
   -1.557549,    0.118252,   -2.396248
   -1.476572,    0.067962,   -0.114664
    2.832835,   -0.081424,    0.917979
    0.288871,   -0.088633,   -0.221830
    0.298240,    0.199075,   -1.793955
   -0.999484,    0.155498,   -1.200389
   -0.664155,   -0.061064,   -0.982192
    0.235438,   -0.236826,    0.297981
   -0.429577,    0.049261,    0.898229
    1.500800,    0.003391,    0.443273
    0.143896,   -0.008629,    0.099621
   -0.169215,   -0.162175,    0.873867
   -0.445232,    0.110631,   -0.032639
   -1.050830,    0.136301,   -1.347289
   -1.002490,   -0.077387,    0.252727
   -1.386350,    0.028359,   -2.233270
   -0.043893,   -0.054878,    0.872939
    1.384750,   -0.098073,   -0.747414
   -0.729412,    0.134430,   -0.386770
    0.806650,   -0.187273,    1.149706
    0.766352,    0.054881,    0.511006
    2.307901,    0.016878,    1.021521
   -0.322932,   -0.063274,   -0.422415
    1.319385,   -0.082873,    2.014546
    3.550265,   -0.195327,    1.351580
   -0.270341,   -0.175577,   -0.496841
   -0.680361,    0.131572,    0.190476
    1.482785,   -0.085853,   -0.085143
    0.671320,   -0.007622,    1.298274
   -0.954023,    0.052242,    0.115736
   -1.316716,    0.021679,   -0.006105
   -0.118008,   -0.113574,   -0.774469
   -0.729521,    0.022354,   -0.574694
    0.044737,   -0.060306,    0.551841
   -0.017508,    0.029795,   -0.017583
   -0.726207,   -0.120792,    0.050228
   -0.824389,    0.079755,   -1.748732
    0.109125,   -0.198160,    0.381913
    2.092045,    0.002984,   -0.109584
   -0.971951,   -0.072887,   -0.821278
   -1.030092,    0.101419,    0.306006
    0.148778,    0.135940,    1.078862
    0.762554,    0.077124,    0.707755
   -0.770103,   -0.218045,   -1.961792
   -0.680787,    0.073147,    0.003895
   -0.688577,    0.184639,   -0.321617
   -0.011995,   -0.011995,   -0.110327
   -0.696522,    0.016916,    0.670474
   -0.139508,   -0.080012,   -0.561388
    0.565585,    0.044020,    0.812807
   -1.353387,   -0.153100,   -2.292291
   -0.011671,    0.017595,    0.840931
    1.186702,    0.122794,    0.043397
    2.220230,   -0.198740,    2.158448
    0.410576,    0.041579,   -0.697087
   -1.799884,    0.053688,   -0.237060
   -0.957538,   -0.024100,    0.134365
   -3.906441,    0.159709,   -0.447347
   -0.457130,    0.065320,   -0.689265
   -2.370980,    0.092261,   -0.738007
   -0.306272,    0.173360,   -0.706492
   -0.008818,   -0.038818,   -1.146754
    1.048924,   -0.086938,   -0.759920
    0.519107,    0.052127,    1.082688
    0.194628,   -0.179479,    0.135709
   -2.004883,    0.122490,   -1.695017
   -0.666172,   -0.025962,   -1.420064
    0.485140,    0.069408,    0.785345
    0.867863,   -0.305649,    0.198522
    0.551296,    0.028314,    1.376018
    1.038066,   -0.096208,    1.344200
    0.473533,    0.100578,   -0.643459
   -1.179399,    0.086533,    0.053804
    0.684037,   -0.096691,   -0.991997
   -1.257830,    0.076378,   -1.865703
   -1.915562,    0.148868,   -1.226111
    0.163753,   -0.020270,    1.157875
    0.175987,    0.042714,   -0.706184
   -0.382526,   -0.121262,    0.303002
   -0.389604,    0.017111,   -1.456213
   -1.463755,    0.110351,   -0.764576
   -2.009733,    0.145360,   -1.629761
    0.193589,   -0.083961,    0.496757
   -0.392813,   -0.130974,   -1.975925
   -1.445344,   -0.011284,   -0.785157
    0.553082,    0.169723,    0.948834
   -0.971573,   -0.047614,   -1.949211
   -1.590974,    0.127909,    0.259707
    0.592158,   -0.016974,   -0.056241
   -0.411644,    0.020691,   -1.080021
   -1.922071,    0.182663,   -0.648168
   -0.082756,    0.191795,   -1.031064
   -2.021185,    0.184354,   -1.409043
    1.207624,   -0.146006,    1.650546
    0.580462,    0.141345,   -0.422984
   -1.804546,    0.002145,   -2.294805
   -3.826912,    0.012296,   -2.296189
   -2.731619,   -0.001406,   -2.886270
    3.409410,   -0.109246,    0.100531
   -0.504539,    0.220545,   -2.112651
    1.387981,   -0.179822,    1.549322
    2.147576,    0.035163,    0.687611
    0.245487,   -0.059188,   -1.144238
   -1.884612,    0.104071,   -2.328624
   -2.393716,   -0.000294,    0.614787
    1.200123,   -0.055461,    0.772517
    3.158586,   -0.127180,    3.797961
    0.146078,   -0.020040,   -1.703851
   -0.583263,    0.030225,   -1.866916
   -2.040031,    0.162028,   -1.549345
   -3.960097,    0.261613,   -0.974547
   -0.314425,    0.079245,   -0.849780
   -2.033317,    0.127664,   -3.057978
    0.019576,   -0.007912,   -0.859447
    2.590518,   -0.201487,    1.270761
    0.024188,    0.054630,   -0.955781
   -3.476090,    0.115233,   -3.668942
   -3.984670,    0.057420,   -1.245881
   -3.203173,   -0.000954,   -0.706868
   -4.558327,   -0.011839,    2.892066
    3.977519,    0.230861,   -1.389359
   -3.567627,    0.103470,    1.127392
    7.562256,   -0.161270,    5.259431
    0.848548,   -0.054408,   -0.637410
    1.207706,    0.137063,    1.820504
   -1.407054,    0.121743,   -2.385621
   -1.711140,    0.209528,   -1.105400
   -3.822090,    0.228942,   -3.260700
    1.349635,   -0.168881,    4.170579
    0.445222,    0.147268,    0.279453
    1.911697,   -0.121810,    2.789081
    0.015790,   -0.006126,    0.365665
    0.259776,   -0.018664,   -1.674379
   -0.022941,    0.154071,   -1.490900
   -1.832846,    0.160951,    0.626565
    2.193222,   -0.462038,    2.117652
   -0.927049,    0.014621,   -0.211509
    0.613352,   -0.183744,    2.519716
   -0.162907,    0.113548,   -1.265033
    2.712132,   -0.240617,   -0.005566
    3.800360,   -0.035273,    2.847551
   -2.456737,    0.117343,   -1.767658
   -1.600129,   -0.057070,   -0.252122
    0.384984,    0.059771,   -1.323315
   -1.533936,    0.164015,   -2.305043
   -1.025352,    0.163958,   -0.546232
    0.088879,   -0.054286,    0.920295
   -0.358948,    0.108989,   -0.422027
   -3.287181,    0.073474,   -4.223897
   -0.179101,    0.116730,    1.186665
   -0.710097,    0.224026,   -1.104844
    1.997906,   -0.091598,    1.572832
   -0.861994,   -0.153381,    0.725693
    1.181983,   -0.104292,    1.532917
    2.620844,   -0.094807,    0.449231
   -2.295485,    0.175934,   -2.221056
   -1.184217,    0.114090,   -0.565554
   -0.281472,    0.171792,   -0.378682
   -0.879000,    0.022113,   -0.987153
   -3.462540,    0.139230,   -2.134658
   -1.523130,    0.066881,   -3.049900
   -0.626982,   -0.115270,   -0.258886
   -4.036746,    0.097090,   -1.627633
   -1.505264,    0.122243,   -1.210711
    1.730508,   -0.194441,    2.549455
    4.005516,   -0.053286,    2.765030
   -1.805839,    0.063898,   -2.078237
   -4.654710,    0.062874,   -2.663832
    0.869822,    0.013709,    1.984844
    1.821091,    0.009571,   -1.245841
   -1.672246,   -0.149131,   -1.245661
   -1.519160,    0.077494,   -1.254990
   -3.799492,    0.092712,   -1.905196
   -1.335910,   -0.071798,    1.552433
   -0.337381,    0.240746,   -2.651331
    2.277563,    0.018376,    2.321837
    5.766362,   -0.248499,    3.217228
   -0.029379,   -0.098813,   -0.132609
    6.097895,   -0.264595,    4.816808
   -1.529044,   -0.084461,   -1.641670
    1.846790,    0.130831,    3.533432
    1.457150,   -0.008192,    0.463466
    0.480097,    0.075436,    0.478814
   -0.909419,   -0.291375,   -0.653462
   -2.264083,    0.046531,   -0.039772
    2.359954,   -0.063371,   -0.515541
   -0.232371,    0.041161,    0.579567
    1.717842,    0.133760,   -1.080900
   -2.968675,    0.271934,   -1.688570
    2.514281,   -0.085615,    0.961958
    1.832988,    0.063998,   -0.609979
    2.342142,   -0.101262,    2.371023
    1.915862,   -0.103964,    0.266461
   -0.855083,    0.037432,    0.393696
   -1.904173,    0.198370,   -2.744020
   -0.024318,    0.186045,   -1.922152
   -0.733144,    0.123049,   -1.754464
    2.731079,    0.090012,    0.726332
    0.901700,    0.008998,   -0.254306
    2.176148,   -0.208201,    2.629970
   -0.802833,    0.037914,    0.533439
    1.897640,   -0.038883,   -0.976099
   -1.885909,    0.108706,   -0.706296
    0.731015,    0.065906,    2.039539
    3.697281,   -0.140508,    2.015888
    0.866752,   -0.080446,    0.004313
   -0.992620,   -0.117916,    1.015253
   -1.654042,    0.097886,   -1.616689
    3.605477,   -0.031058,    2.791496
    1.134582,   -0.091023,    0.063605
   -1.096810,    0.111448,   -0.831897
   -0.486478,   -0.088189,   -0.039193
   -1.933520,    0.076345,   -1.602270
   -0.494509,   -0.029850,   -0.478868
   -0.565839,    0.133332,   -1.086447
   -0.276174,    0.131636,   -0.438739
   -1.511690,    0.041412,   -1.853583
   -0.464884,    0.049603,    1.102944
    0.336041,    0.064189,    0.073994
   -1.557974,    0.125572,   -0.914938
   -0.181334,    0.079235,   -1.660908
    0.182787,   -0.034467,    1.760607
   -2.465407,    0.079175,   -1.844917
   -2.380806,    0.221678,   -1.539542
    0.260308,    0.069580,   -0.018953
    0.426349,    0.029404,    0.910743
   -0.376279,    0.080291,    0.599492
   -2.335414,    0.213336,   -2.742221
    0.243663,   -0.043421,   -0.251714
    3.614979,   -0.257879,    3.219560
    0.945460,   -0.181601,   -0.580453
   -0.217651,    0.072829,    0.331958
   -2.403115,    0.164044,   -0.633509
    0.765757,   -0.028364,    0.823472
    0.908161,   -0.001119,    0.005945
    0.793602,   -0.142189,   -0.175097
    1.010129,    0.065342,    0.186386
   -0.760526,   -0.016493,   -0.998201
   -0.045157,    0.033350,    0.041940
   -1.913611,    0.216531,   -2.060314
    0.942226,    0.128978,   -0.657651
   -1.106655,    0.016466,   -0.983604
   -1.433263,    0.072725,   -0.821877
   -0.520578,   -0.050177,    0.088910
   -0.639977,    0.258480,   -2.811304
   -3.531309,   -0.004972,   -2.108365
   -1.346831,   -0.047769,    0.717451
   -0.718877,    0.106433,   -0.445829
    2.122011,   -0.099758,   -0.109349
   -0.296263,    0.019816,    1.782012
    0.880545,   -0.095565,    0.575082
   -3.105305,    0.167754,   -2.451931
    2.124555,    0.042486,    0.474575
   -0.736258,    0.020623,   -1.654160
   -1.385897,    0.098122,   -0.910369
   -1.943362,   -0.015629,    0.690307
    2.451446,   -0.090351,    0.518488
    0.286660,    0.146559,   -1.522064
    0.186667,    0.149446,   -1.285323
    0.864245,   -0.087300,    1.706459
    2.704679,   -0.072888,    1.252636
    0.964680,   -0.040700,    2.020160
   -1.111999,    0.139139,   -1.673541
   -1.827282,    0.181219,   -1.182319
   -0.265990,   -0.001540,    0.945538
   -0.762824,    0.149807,   -1.027618
   -2.474327,    0.141691,   -0.495397
   -0.520543,   -0.119355,   -1.468217
    0.809975,   -0.070136,    1.618200
    1.210563,   -0.116020,    0.934444
    0.190797,    0.046835,   -0.514202
   -1.543632,    0.101223,   -2.080501
   -0.487265,    0.063937,   -0.586463
   -0.479072,    0.111818,   -0.797258
   -1.232358,    0.077407,   -0.556615
   -1.192432,    0.057474,   -1.930232
   -1.170920,   -0.087765,    0.054040
   -1.526078,   -0.040753,   -0.595911
    3.477838,   -0.468213,    4.210844
    2.928635,   -0.175194,    1.716691
    3.153151,   -0.074798,    3.269139
    0.651637,   -0.179144,    1.507083
    0.904452,   -0.267608,    0.773282
    0.502701,    0.128610,   -0.050837
    1.710051,   -0.263042,    2.734849
   -2.392108,    0.099843,   -3.420137
   -0.027605,    0.135496,    0.744626
   -0.487529,   -0.090198,   -0.167090
   -1.450394,    0.216823,   -0.815004
   -0.593966,    0.053270,   -0.956444
   -3.166673,    0.106096,   -3.136739
    0.546181,    0.153603,    1.156319
    3.616675,   -0.156324,    3.207439
    0.098339,   -0.191308,    0.097746
    0.493140,   -0.021708,    0.694426
    3.709199,   -0.250481,    1.638689
   -1.475095,    0.111562,   -1.354159
   -0.281698,    0.038392,   -1.125814
   -1.429322,    0.243310,   -1.339449
    0.296110,   -0.200080,    0.273168
    0.209110,   -0.136612,    0.972756
    1.995338,    0.110541,    1.332074
   -0.039229,    0.035781,   -1.454034
    0.095090,    0.113200,    0.569735
    0.440541,    0.087106,    0.617938
    1.305061,   -0.094629,    0.792740
    0.024195,    0.140380,   -1.621290
   -0.463817,    0.067225,   -1.102558
    2.668935,    0.059486,    1.973689
    1.629546,   -0.180618,   -0.333314
    0.404431,    0.047022,   -0.828491
   -0.206970,    0.271340,    0.110436
    1.000408,   -0.116485,   -0.433139
    0.469914,    0.047998,    0.388879
   -1.427573,    0.324279,   -0.410885
   -1.794679,    0.033922,   -1.775484
    1.145108,    0.028793,    1.302343
    0.768264,    0.166689,    0.517304
    1.247574,   -0.016568,    0.103666
   -0.669639,    0.153333,   -0.020967
   -0.119302,    0.071215,    0.731836
   -0.082910,    0.151840,   -0.702421
   -2.369503,    0.187155,   -3.336121
   -0.830678,   -0.023523,    0.268131
   -1.380063,    0.108344,   -0.589912
    0.877624,    0.020244,    1.168913
    0.399576,    0.107171,   -0.271284
   -0.702764,   -0.018840,   -0.522328
    1.050322,    0.103390,    0.952076
    1.910750,   -0.366197,    1.239059
    0.337004,    0.224460,    0.754164
    0.884683,   -0.104776,    1.089223
   -1.151861,    0.271942,    0.124680
    0.921481,   -0.001158,    1.359654
    0.126769,    0.280116,   -1.247813
    1.953678,   -0.119464,    1.676599
   -0.281393,    0.253402,   -0.173075
    1.205886,    0.258231,    0.326870
    1.101045,    0.103767,    0.316794
   -1.596178,    0.247973,   -1.318040
    0.800384,   -0.030864,    0.813722
    1.302911,   -0.402662,    0.630042
    0.525328,   -0.311496,    1.217946
   -0.977590,   -0.040291,   -1.202709
   -1.168332,   -0.047896,    0.621963
   -1.256147,    0.033823,    0.345364
    0.480338,    0.271757,   -0.562478
    0.169281,   -0.452068,    1.816280
    1.470055,   -0.096399,   -0.181351
   -0.572301,   -0.023519,   -0.656237
   -1.479505,    0.201390,   -0.597629
    1.246947,   -0.243429,    1.787014
    1.406327,   -0.206629,   -0.379274
    0.357361,    0.278175,    0.346358
    2.330071,   -0.099150,    3.423218
   -0.257415,   -0.010597,    0.016553
   -0.613909,    0.105684,   -0.574418
   -0.849461,    0.085176,   -1.260262
    0.225120,   -0.047831,    0.885913
    1.518785,    0.124229,    0.843293
    0.261430,   -0.245858,    0.376292
   -0.570423,   -0.225778,   -0.182635
   -0.544205,   -0.153506,   -0.192152
    1.007198,    0.086371,    0.725056
   -0.207586,   -0.098829,   -1.840838
   -0.287180,   -0.053861,    0.510075
   -0.333562,    0.102670,   -1.271735
    1.168394,   -0.110012,   -0.524238
   -0.231479,    0.219096,    0.359215
    1.355805,   -0.200651,    0.400913
   -0.446514,    0.127233,   -0.433165
    0.569379,   -0.205040,    0.774593
    0.984538,   -0.049504,    2.244756
   -0.008074,   -0.386161,   -0.896004
   -0.267342,   -0.001536,   -0.943527
    0.417795,    0.048040,   -1.185001
   -1.818985,    0.016332,   -0.734502
   -0.395024,    0.115876,    0.202825
    0.454568,    0.195450,    1.045547
    0.081249,   -0.157246,    1.056119
    1.416564,   -0.047528,    0.837598
    1.292691,   -0.039144,   -0.152910
    0.563467,   -0.220899,    1.013919
   -0.406441,   -0.043727,    0.348748
    1.443184,   -0.141253,    2.100657
    1.216840,   -0.108975,    1.282343
   -0.006270,    0.169874,   -0.738168
    0.974836,   -0.030215,    1.589905
   -0.159033,   -0.043214,    0.539777
   -1.045152,    0.146154,   -0.417875
   -1.097821,   -0.114166,    0.477539
    0.737064,    0.103728,   -0.278672
    0.187881,   -0.025152,    0.148604
   -0.183964,   -0.002426,   -0.916819
    1.802144,    0.020396,    0.634447
    0.493259,   -0.246161,    1.777560
    1.697864,   -0.014535,    0.441441
   -0.076805,   -0.036447,   -0.555242
    0.156774,    0.350493,   -1.715100
    0.286936,    0.021508,    0.327791
   -0.843138,   -0.154797,   -1.071004
   -1.406890,    0.076138,   -1.502535
    0.155956,    0.197986,   -0.218945
    0.392215,    0.141553,   -0.483892
    0.208288,   -0.394156,    0.425328
    0.816710,   -0.029049,    1.542669
   -0.045390,    0.090052,   -0.820151
   -0.205950,    0.152155,    0.384616
   -0.676317,    0.088680,   -0.891903
   -2.282870,    0.178071,   -2.696777
   -0.239836,    0.018764,   -0.652565
   -0.959087,    0.115980,   -1.834793
   -1.030902,    0.075162,   -1.265274
    0.583536,    0.111292,    0.093607
   -0.790559,   -0.158298,   -0.324187
   -1.450762,    0.390901,   -0.815659
    0.865253,   -0.061728,    1.626617
    0.011214,   -0.314130,    0.097290
    3.177117,   -0.317273,    1.908576
   -0.000424,   -0.081839,   -0.624648
   -0.339359,    0.027139,   -0.632770
    0.476668,   -0.091717,   -0.580393
    1.296381,   -0.045449,    1.616181
   -0.670199,    0.104851,   -0.352294
    1.366046,   -0.119236,    1.701584
    0.649420,   -0.190991,   -0.120079
    0.774268,   -0.088613,    0.446582
   -0.752282,    0.103435,    0.052432
    0.134584,   -0.205796,   -0.193213
    0.452189,   -0.014623,    0.925540
   -0.794081,    0.173884,   -0.485471
   -1.828213,    0.037020,   -2.510479
    0.963538,   -0.030110,   -0.278068
    0.628805,   -0.107028,   -0.181636
    1.269248,   -0.224229,    0.845300
    1.086078,    0.052561,    1.890882
   -0.238056,    0.113378,   -0.362046
    0.258724,   -0.120021,    0.477124
   -0.369326,    0.079976,    0.965654
    0.731387,   -0.105561,    2.204210
   -0.218512,    0.033507,   -0.565298
   -0.939688,   -0.042755,   -0.203360
    0.737072,   -0.193003,    0.359725
    0.835282,   -0.164702,   -0.783408
   -0.502815,    0.111239,   -0.785176
   -0.573876,    0.058013,   -0.460723
    0.308617,    0.083232,   -0.406862
    0.869819,    0.190507,   -0.424776
    1.009235,    0.179460,   -1.000262
   -1.849670,    0.096385,   -1.310813
   -0.332492,   -0.053499,   -1.362025
   -0.956640,    0.099187,   -0.064284
   -0.486863,   -0.037279,   -0.128249
   -0.273788,    0.123092,   -0.295942
    1.482779,   -0.205915,    2.840348
    0.037267,   -0.050137,    0.234017
   -0.425138,   -0.005257,   -0.132835
    0.983351,   -0.126035,    0.347599
   -0.179248,    0.031956,   -0.539933
    0.886333,   -0.218442,    1.023349
    0.152778,    0.022799,   -1.265612
    0.290741,    0.143964,   -0.690895
    0.467669,    0.046216,    0.522674
   -0.361943,    0.189174,   -1.376142
   -1.018556,    0.173919,   -0.916461
    0.239261,   -0.113937,   -0.230787
   -0.415980,    0.101397,   -0.579871
    0.324417,    0.012874,    2.117827
   -0.003510,    0.328518,   -0.869566
    0.562511,   -0.039481,    0.163054
   -1.169045,    0.076880,   -0.120833
   -1.075215,    0.232989,   -0.483753
    0.954487,    0.052389,    1.524588
    0.495475,    0.006003,    0.530846
   -0.001223,    0.004236,   -0.390881
    1.230094,    0.026543,    0.288864
    1.471510,    0.018640,    0.433848
   -0.182519,   -0.055682,   -0.122549
    1.004346,    0.002897,   -0.535089
   -0.028837,   -0.099253,    0.620912
   -0.938648,    0.256660,    0.154893
    1.630247,    0.071069,    0.510474
    0.297387,    0.368584,   -1.432495
    0.252755,    0.060363,    0.520339
    0.431426,   -0.009652,    0.029610
    1.046770,   -0.167579,    2.063801
    0.395468,    0.039707,    0.694429
    1.051931,    0.106561,    2.273819
    0.622258,   -0.150163,    0.420731
   -0.576954,    0.098647,   -1.486208
   -0.751017,    0.033849,   -0.498671
    0.856081,   -0.058890,   -1.036557
    0.243976,    0.170269,    0.694593
    0.224177,   -0.072513,    1.648560
    0.012042,   -0.073660,   -1.055416
   -0.436534,    0.056057,   -0.946078
   -0.875594,   -0.303521,    1.986677
    1.013315,    0.046842,   -0.312599
   -0.393187,    0.018779,    0.010724
   -0.195364,    0.144065,   -1.073825
   -0.307544,    0.088039,   -0.607500
    0.507955,    0.057060,   -0.398727
    1.987042,    0.089942,   -0.713704
    0.663930,    0.019353,    0.383929
    0.646021,    0.031625,    0.275845
    0.181350,   -0.020424,    1.061511
   -0.595546,    0.205072,   -1.427185
   -0.418197,    0.137659,   -0.089832
    0.835032,   -0.063893,    0.708509
    0.673871,    0.088603,    0.726387
    0.135929,    0.126261,   -0.570530
    0.882030,   -0.183712,    1.302671
   -0.850371,   -0.011972,    0.485505
    0.399061,   -0.059554,    0.050836
   -1.767257,    0.117452,   -1.261065
    0.383274,    0.061602,    1.640210
    0.510413,    0.014375,    1.260616
    0.267423,    0.024338,    0.512559
    0.837879,   -0.045071,    0.841842
    1.018577,   -0.008975,    1.256128
    0.572180,   -0.235044,    1.130075
   -0.388796,    0.021673,   -0.348617
    0.023546,    0.495632,   -1.967428
    0.101785,    0.209613,   -0.167403
   -1.412102,   -0.003543,   -1.022825
   -0.308240,    0.032777,    0.613335
   -2.919892,    0.234599,   -1.415592
    0.780326,    0.001046,    1.877362
   -1.308451,    0.040130,   -1.828542
    0.397877,   -0.043408,   -0.586540
    1.332003,    0.144876,    2.554508
   -1.672880,   -0.027625,   -1.730247
    0.025729,    0.063310,   -0.509980
   -2.595353,    0.059437,   -2.034077
    1.138445,   -0.069155,    0.727198
   -0.377784,    0.364987,    1.152847
    1.522738,    0.107590,    1.863398
    0.280810,   -0.147430,    0.602720
    1.602141,   -0.235412,    0.593551
   -0.423090,    0.074329,   -0.046672
    0.513050,   -0.023010,   -0.775966
    2.292724,   -0.012876,   -0.417170
    1.038282,   -0.492281,    2.858609
    0.963326,   -0.154292,    1.388958
   -0.315006,    0.190196,   -0.476656
    0.310218,    0.007216,   -1.804841
    0.109840,   -0.038655,    0.539514
    0.285631,   -0.327235,    1.353794
   -1.027618,   -0.105400,   -0.292236
   -0.324289,    0.094006,   -0.229556
    0.153719,    0.128181,   -0.304527
    0.378204,    0.052946,    0.172761
    1.131505,   -0.234676,   -0.001556
   -0.896966,   -0.080264,    0.408472
    1.368235,    0.044311,    0.793221
   -0.622635,   -0.100811,    0.429187
   -0.516114,   -0.060261,   -0.719628
   -0.222148,   -0.006980,   -0.450454
   -1.712673,    0.057328,   -0.630256
   -0.480760,   -0.026353,   -1.346454
   -0.736452,   -0.037228,   -0.792637
    0.685146,    0.132316,    0.805555
   -0.215349,   -0.041213,   -0.811457
    1.022589,    0.094804,   -0.288091
   -2.570647,   -0.195120,   -0.857404
    0.030022,   -0.238962,    0.186556
   -3.432476,    0.002710,   -0.711543
    1.699287,   -0.003954,    1.412055
   -1.580461,   -0.149591,   -0.889464
    2.100801,   -0.138099,    0.252721
   -0.527245,    0.153156,   -0.192651
   -1.551933,    0.192151,   -2.353141
    0.766479,   -0.039670,    0.734623
    1.786937,   -0.091346,   -0.432225
   -0.696292,    0.139075,    0.116432
    0.569012,   -0.148145,    1.146371
   -0.727660,    0.128930,   -0.128325
    0.230676,    0.126585,    0.027098
    0.943240,    0.129941,   -0.846056
    0.292457,   -0.041181,    0.516706
   -0.885013,   -0.241836,   -0.177236
    0.736763,    0.002537,    0.190988
    0.465147,   -0.020186,   -0.113303
    1.148500,   -0.006133,    0.444782
    1.044081,    0.036763,    0.732529
   -0.202217,    0.038981,    0.164860
   -0.438076,    0.046544,    0.905858
   -0.254759,   -0.065232,    0.681156
    0.282682,   -0.109011,    0.624718
   -1.209465,   -0.086755,   -1.313842
    0.552821,    0.178078,    0.554592
    0.283996,    0.032233,    0.904931
   -0.267410,   -0.098162,   -0.271469
   -0.204587,    0.141100,   -0.716915
   -0.248761,   -0.000016,    0.020095
   -0.329015,    0.028395,    0.324484
    1.541857,    0.018700,    0.735982
    1.092646,    0.119749,   -0.764007
    0.193926,   -0.107921,   -0.309907
   -0.142167,   -0.088298,    0.479932
    0.017522,    0.193706,    0.200246
    0.075596,    0.008678,   -0.604936
   -0.387163,    0.272633,   -1.418059
   -0.439603,    0.010905,    0.130819
   -1.021289,    0.014266,   -0.750747
   -0.187978,    0.028767,   -0.998121
    0.029583,    0.080743,   -0.699880
   -0.644578,   -0.001030,    0.496214
   -1.211393,    0.065771,    0.017586
    0.939069,   -0.139931,    0.760598
    0.506067,    0.052571,   -1.088832
   -1.375307,   -0.009843,   -0.235930
    0.397516,    0.197439,   -0.722056
   -0.994943,   -0.013515,   -0.028424
    0.274008,   -0.044871,    0.870758
    1.977610,   -0.166546,    0.481025
   -1.939345,    0.042895,   -0.679103
   -0.009871,    0.039683,    0.832541
   -0.819864,   -0.096738,   -0.952312
    1.063348,   -0.053485,    1.372419
    0.506666,   -0.101485,    0.812509
    0.801311,    0.115362,    0.391782
    0.499965,    0.189939,    0.611010
   -0.779284,    0.072573,   -0.127598
    0.089775,    0.030477,   -0.641703
   -0.668679,    0.084925,   -0.489607
    0.616680,    0.086710,   -0.918127
   -2.150130,    0.262256,   -3.309295
   -0.940550,   -0.025768,   -0.196921
    1.011190,    0.027115,    0.587042
   -1.551052,   -0.043280,    0.804024
   -0.511325,    0.067518,   -0.902165
   -0.280809,    0.132536,   -0.998428
    1.000045,   -0.097358,    1.093932
    0.353340,    0.002920,    0.314464
    0.739318,    0.069033,    1.109838
    0.157348,   -0.233396,   -0.686063
   -0.238353,    0.049478,    0.547418
    1.899497,   -0.192063,    0.929960
   -0.198688,   -0.055870,    0.532354
    0.645418,    0.174720,    0.918228
    0.652896,   -0.032149,   -0.105040
    0.216094,    0.030853,    0.810882
   -0.239716,    0.032482,   -0.638895
   -0.454459,    0.061635,   -0.703801
    1.002270,    0.049379,    0.311865
    0.167519,   -0.030772,    0.833945
    0.403560,   -0.258462,    0.643148
    0.013378,   -0.015877,    0.114903
   -0.206105,   -0.049461,    0.312095
   -0.194717,   -0.015412,   -0.839510
   -0.769876,    0.195129,   -0.407783
    0.561519,    0.152514,   -0.876877
    1.516289,   -0.055684,    0.979293
   -0.359658,    0.091276,   -0.268930
    0.216444,    0.023087,    0.944626
    0.017249,    0.015369,    0.113269
    0.137529,    0.094817,   -0.063027
   -0.266563,   -0.103474,   -0.598822
    0.169411,   -0.063017,   -0.504814
    0.141607,    0.079780,   -0.731687
   -0.456297,    0.256598,   -1.112986
   -0.087963,   -0.137884,    0.388845
   -0.509903,    0.092008,   -0.810249
    0.060859,    0.066055,    0.467062
    1.953158,   -0.107194,    0.240227
   -0.428841,    0.004745,   -0.858514
    1.364039,   -0.047571,    1.466663
    1.211509,   -0.039940,    2.128507
    0.020241,    0.129015,   -0.538309
   -0.318176,    0.002098,    0.489157
    0.190341,   -0.057014,   -0.431675
   -0.243539,    0.197279,   -1.334712
   -0.055702,   -0.071743,    0.160860
   -0.851655,    0.146099,    0.258755
    0.880381,   -0.045113,   -0.119347
   -0.662977,    0.146164,   -1.523868
   -0.424790,    0.055653,   -0.475688
   -0.162909,   -0.010599,   -0.226290
    1.288899,   -0.100713,   -0.218403
   -1.325990,    0.171520,   -1.172549
   -0.235378,    0.020971,    0.452240
   -0.791021,    0.001823,   -0.673529
   -1.975330,    0.107550,   -1.959177
    0.328632,    0.014112,    0.442561
    1.426707,    0.088331,    0.952167
    0.388582,   -0.230027,    1.062106
   -0.159949,    0.008912,    0.116199
    1.035825,    0.078385,    0.016790
    1.414855,   -0.127224,    0.884932
    0.453689,    0.031756,   -0.048100
   -0.425671,    0.144331,    0.595950
    0.599764,    0.015647,    0.270823
    0.247752,   -0.193996,   -0.510875
    0.132306,    0.098147,    0.417304
    0.392719,    0.057374,   -0.467950
    0.636431,    0.147233,    0.346505
    0.757455,    0.020350,   -0.069959
    0.025998,    0.036211,   -0.052954
   -0.386317,    0.053818,   -0.852395
    1.139892,    0.033377,    0.475569
    0.022691,   -0.003749,    0.144122
   -0.847720,    0.020099,   -1.489542
   -0.710164,    0.062983,    0.253728
    0.477169,    0.056305,   -0.283859
   -0.071820,    0.035150,   -0.725003
    0.724528,    0.041359,   -0.306560
   -0.068317,    0.057197,   -0.300731
    0.358013,   -0.112115,   -0.335851
   -0.296444,    0.156284,   -0.063759
    0.751868,    0.014224,    0.791378
    0.489684,   -0.189130,    0.970450
   -0.930925,    0.188046,   -1.464590
   -0.497078,    0.127229,   -0.710065
    0.924627,    0.166877,   -0.647235
   -0.631651,   -0.043133,    2.422167
   -0.970366,    0.213321,    0.042726
    0.460574,    0.011791,    0.359289
    0.004044,    0.007713,   -0.372124
    0.122202,    0.220796,    0.820992
   -0.152132,    0.101290,   -0.714008
    0.275825,   -0.203231,    0.874104
   -1.224105,   -0.111959,   -0.286887
    0.709394,    0.183270,   -1.273318
    0.422764,   -0.011994,    1.224628
    0.629243,    0.043003,    0.828080
    0.120868,    0.048108,   -0.547265
   -0.023941,    0.000290,   -1.309924
   -0.190484,    0.000933,    0.336460
    0.037487,   -0.216866,    0.131681
    0.186175,   -0.018194,    0.219349
    0.649646,    0.205704,    0.579900
    0.713112,    0.009408,    1.223581
   -0.934294,   -0.126638,   -0.776846
    0.409780,    0.256455,    2.311750
    1.169627,    0.046677,   -0.133303
   -1.055483,    0.026890,   -1.209913
   -1.597911,    0.008794,   -0.684728
    0.409417,    0.090865,    0.245321
    0.621110,    0.009323,    1.472037
    0.634796,    0.028376,    0.220411
   -0.157311,   -0.036420,    0.752423
    0.093791,    0.112208,   -0.664947
   -1.054912,   -0.089781,    0.022333
   -0.184038,    0.107807,   -0.619001
   -0.924637,    0.104646,   -0.383567
    1.099371,   -0.017821,    1.284139
    0.081129,   -0.051325,   -0.480201
    0.529582,   -0.065688,    0.497498
   -0.707636,    0.132850,    0.096271
    0.772037,   -0.005563,    0.610241
    0.993633,    0.070751,    0.641536
    0.542385,    0.007540,    0.054168
   -0.342338,   -0.055894,    0.482942
    0.711727,    0.109088,    0.883494
    1.248206,    0.003621,    1.115205
   -0.208026,   -0.046143,    0.604291
    0.779395,    0.132233,   -0.899082
   -1.560642,    0.096796,   -0.251155
    1.214660,   -0.012380,    0.890434
   -0.038392,   -0.103967,   -0.809080
    0.571158,   -0.023102,    0.155379
   -0.572728,    0.047298,   -0.064573
    0.146867,   -0.017516,   -0.866779
   -0.731229,   -0.218273,    0.119323
    0.373633,   -0.135672,    0.018476
   -0.259901,   -0.070500,   -2.409836
   -0.016220,    0.115899,    0.318566
    0.419838,   -0.066913,    0.251787
    1.033565,   -0.053866,    1.008024
    0.147600,    0.080288,   -1.158786
    0.169415,   -0.034398,    1.103147
    0.590818,   -0.103497,    0.951440
    0.048785,    0.070840,   -0.462663
    1.039714,    0.167242,   -0.119827
   -0.395085,    0.064494,    0.569239
   -0.591153,    0.070844,   -1.564056
    0.018083,   -0.112375,   -0.535047
   -1.026638,    0.008046,   -0.436834
    0.540624,   -0.124251,   -0.663627
    0.215290,   -0.030266,    1.171200
    0.608033,    0.109790,    0.212574
   -1.385730,   -0.074948,   -1.563499
    0.118030,    0.052014,    0.585630
   -0.205190,   -0.040508,    0.955017
   -0.402578,   -0.091314,    0.626162
    0.674410,    0.128462,   -0.681057
    0.131487,   -0.069829,    1.039087
    0.240929,    0.034886,    0.279813
   -0.063429,   -0.010877,    0.150693
   -0.333931,    0.067294,    0.257461
    0.206920,    0.193803,    0.159344
    0.966014,    0.138877,    0.252901
   -0.305620,    0.000052,    1.165793
    0.997121,    0.011299,    0.391982
    0.657320,    0.056290,    0.017065
    0.067538,    0.038691,    0.008225
    0.475389,   -0.113400,    0.211710
    0.378203,    0.047843,   -1.193935
   -0.409800,    0.030087,    0.571413
    0.712568,    0.138509,   -0.693759
    0.241613,    0.067773,    0.181249
   -1.333049,    0.129327,   -2.449660
   -1.562926,    0.029081,   -1.118217
    0.265493,    0.032210,    0.555844
    0.156277,   -0.001212,   -1.125531
    0.136047,    0.014244,    0.688281
    1.298795,    0.106756,   -0.111530
   -0.094004,    0.054235,    1.045085
   -0.705315,    0.066651,   -0.385314
   -2.544292,    0.146810,   -0.357923
   -0.735177,    0.081628,   -0.187065
    0.205418,    0.047058,    1.134993
    0.674288,    0.044628,    1.077276
    0.011450,    0.069896,   -0.344008
   -0.222094,   -0.148318,    0.024059
    1.251354,   -0.168601,    1.189124
    0.193275,    0.032397,    0.523388
   -0.474076,    0.242391,   -0.863265
   -0.418059,    0.083399,    0.780778
    1.068737,   -0.065419,    0.325634
    0.481499,    0.151353,    0.099580
    0.009501,    0.006855,    0.851941
    0.102060,    0.013319,   -0.003408
    0.932978,    0.197412,    0.789729
    0.430646,   -0.039251,    0.829605
   -0.078732,   -0.140996,    0.296808
    0.062263,    0.007844,    0.114136
    0.176800,    0.070630,    0.081916
   -0.118628,    0.110057,   -0.429815
    0.869759,   -0.122644,    1.343432
    0.132068,    0.017259,   -0.011060
    0.323983,   -0.097212,    0.554472
   -0.146400,    0.234298,    0.252340
    0.269210,    0.173516,    1.610867
   -0.584033,    0.048616,   -0.029101
   -0.245618,    0.195304,   -0.365363
    0.615543,    0.185851,    0.122148
    0.596578,    0.067221,    0.023655
   -0.158241,   -0.008074,    1.548506
    0.662586,   -0.017822,    1.043905
    0.236299,   -0.035785,    1.695525
    0.703751,   -0.105506,   -0.101755
   -0.335859,   -0.125014,   -0.323134
    0.411877,   -0.063114,    0.494141
    0.099979,    0.129285,   -1.417014
    0.272807,   -0.043184,    1.014943
    0.728502,    0.378870,    0.074323
    0.131307,    0.205653,    0.720802
    0.849216,   -0.042085,    0.893145
   -1.946434,    0.049644,   -1.662030
    0.698498,   -0.092452,    1.747816
    0.710029,    0.112791,    0.680711
    0.190586,   -0.012497,   -0.554643
    0.775939,    0.042597,    1.946020
    0.323451,   -0.149812,    0.485420
   -0.076120,   -0.131487,   -0.159225
    0.215920,    0.062118,   -0.628744
   -1.514633,    0.144142,   -0.269307
    1.566217,    0.012461,    1.534444
    1.538727,   -0.139280,   -0.178202
   -0.114646,   -0.067295,   -1.466480
    0.711780,   -0.038913,    0.552947
   -0.028877,   -0.053016,    0.244440
   -0.068121,   -0.043603,    0.608068
    0.114375,    0.039555,   -0.425508
    0.086589,   -0.033000,    1.332059
   -0.447750,    0.032794,    0.548872
    0.715018,    0.025856,   -1.152959
    0.052959,    0.116326,    0.243992
   -0.261771,    0.057927,   -0.092525
    0.131929,   -0.060814,    0.747138
    0.755702,    0.101597,    0.299592
    0.305067,   -0.109368,   -0.224582
    0.016420,   -0.181811,   -0.723996
   -0.019666,   -0.238477,   -0.553717
    0.864668,   -0.103171,    0.265273
   -0.138516,   -0.069847,   -0.666385
   -0.605123,    0.111423,   -1.621410
   -0.297820,   -0.182610,   -0.425768
    0.028064,   -0.032337,   -0.336259
    0.323017,    0.029806,    0.906309
    1.129035,    0.125886,   -0.023593
   -0.527045,    0.033013,   -0.435897
   -0.261312,    0.052580,   -0.285954
   -0.040199,    0.025530,    0.604709
   -0.028969,    0.039964,   -0.189127
   -0.401368,    0.008533,    0.193954
   -0.057579,   -0.025488,    0.787701
    0.678286,   -0.028823,    1.094317
    0.158582,    0.041293,   -0.387610
   -0.818189,    0.128639,   -0.393296
   -1.136221,   -0.034468,   -0.887749
   -1.161287,    0.091405,   -0.361744
   -0.555989,   -0.011470,   -0.989057
    0.629889,   -0.094245,    0.893375
   -0.135882,    0.001421,    0.687971
    1.129444,    0.201431,    0.019544
    0.267908,    0.125212,   -1.161411
    0.137210,    0.042729,   -1.302839
    0.366611,    0.049902,    0.640777
    0.536624,   -0.123944,    1.183010
    0.429050,    0.039322,    0.566581
   -0.319873,    0.081468,    0.200313
    0.891508,    0.065850,    0.472885
    0.075163,   -0.226417,    0.964559
   -0.116941,    0.021581,   -0.116302
    0.481061,   -0.031163,   -0.289438
   -0.399693,   -0.037371,    0.926223
    0.314960,   -0.046960,    0.744947
    0.180706,   -0.011460,    0.277565
    0.004283,    0.105226,   -0.387347
   -0.855072,    0.150199,   -1.105910
    0.316023,   -0.019554,    0.771708
    0.214402,   -0.147019,    1.122648
    1.297179,   -0.132412,    1.023680
    0.138245,    0.017658,    0.242436
    0.847782,   -0.048981,    0.455858
    0.027194,   -0.140759,    0.101789
    0.570591,    0.019078,   -0.502479
    0.873133,   -0.217126,    1.399451
   -0.260109,    0.061341,   -0.813705
   -0.558591,    0.049983,   -1.541237
   -1.116515,   -0.040642,   -2.314734
   -0.082793,   -0.033235,    0.519934
    0.423763,   -0.022857,    0.379827
    0.146188,   -0.032430,    0.433156
   -0.959239,   -0.023637,   -0.855122
   -1.172788,   -0.007869,    1.009369
    0.130388,    0.007268,   -0.249722
   -0.284253,   -0.023774,    0.748770
   -0.281519,    0.001684,    0.042168
   -1.663011,    0.130475,   -0.381900
    0.175070,   -0.076340,   -0.517939
   -0.626297,    0.094128,    0.093039
    1.143444,    0.014058,    1.945458
    0.792289,   -0.108875,   -1.582620
    0.357499,   -0.197874,    0.283749
   -1.150278,    0.002859,   -1.401297
   -0.067254,   -0.032291,    1.420668
    2.128985,   -0.068888,    2.463483
    0.323129,   -0.041489,    0.612683
    0.372199,   -0.101467,    0.563652
    1.131080,   -0.061688,    0.913092
   -0.119437,   -0.136721,    1.507612
    0.417190,   -0.101755,    0.602122
   -0.236192,    0.060988,   -0.488056
    0.193217,   -0.063051,    0.720732
    0.061345,    0.035801,    0.570336
    1.252119,    0.054452,    0.209241
    0.042649,    0.033371,    0.025961
   -0.222092,   -0.049040,    0.439688
    0.074466,    0.180991,    0.193655
    0.346019,   -0.071854,    0.301653
    0.455035,   -0.205280,    0.756413
    0.395869,    0.123034,   -0.341990
   -0.407027,   -0.020445,    0.231275
    0.455431,    0.076241,   -0.586866
   -0.331376,    0.169377,   -0.151842
    0.298157,   -0.110683,    0.386302
    0.160210,   -0.017750,   -1.231457
   -0.123627,   -0.010883,    0.893695
   -0.721986,   -0.069305,   -0.600564
    1.535826,    0.085523,    1.611146
    0.649811,   -0.162840,   -0.112253
   -0.602858,   -0.165546,   -0.605750
    0.911859,   -0.006025,   -0.573213
    0.091205,    0.049721,    0.455648
    0.535686,   -0.037349,   -0.676820
   -0.070497,   -0.078673,   -0.477549
    0.249125,    0.065970,    0.418926
   -0.546489,    0.138293,   -0.863951
   -0.176575,    0.009177,    0.649937
    0.896964,   -0.021679,   -0.470891
    0.059170,    0.092493,   -0.586453
    0.047031,   -0.043764,    1.052363
    0.665394,   -0.111350,    1.337011
    0.321752,   -0.049506,    0.208325
    0.695382,    0.023543,    0.025528
    0.661832,    0.076896,   -0.364756
   -0.359182,    0.017624,   -0.707787
    0.599175,   -0.019895,    0.773652
   -0.500145,    0.053260,   -0.436860
    0.033372,   -0.146049,    0.086994
    0.569067,    0.090253,   -0.654358
    0.558730,    0.170760,   -0.428157
   -0.053539,    0.018892,   -0.217877
    0.918924,    0.127158,    0.963582
   -0.632896,   -0.024686,    0.229832
    0.539965,   -0.014429,    0.128617
   -0.206187,    0.096699,   -0.050709
   -0.758200,    0.087799,   -0.450687
    0.389550,   -0.039738,   -0.004163
   -1.067461,    0.062483,   -0.634495
   -1.824827,    0.015033,   -0.977331
    0.732983,   -0.180447,    0.997563
   -0.544990,   -0.078271,   -1.330446
   -0.381118,   -0.022691,   -2.237293
   -0.453287,    0.059558,    0.590182
    0.854386,   -0.042744,    0.194766
    0.858661,   -0.156059,    0.831402
    1.426853,   -0.170707,    2.045031
   -0.031874,   -0.087394,    0.495450
    0.415525,    0.010079,   -0.480599
    0.806717,    0.015578,    0.602067
    0.060964,   -0.056882,   -0.060176
   -0.708058,    0.112796,    0.323268
    0.563800,    0.038004,    0.741665
   -0.680653,    0.042074,   -0.471172
    0.290810,    0.000410,   -0.429000
    1.172395,    0.119831,    0.374918
   -0.698277,    0.128741,    0.246285
    0.383972,   -0.119729,    0.295803
    0.372706,   -0.068701,    0.808037
    0.031265,    0.079220,   -0.220166
    0.773698,    0.219167,    1.459295
    0.057669,    0.143029,   -0.668859
    0.328071,    0.042807,   -0.419503
    0.718187,   -0.092786,    0.850883
    0.480285,   -0.003316,    0.671016
    0.137156,    0.013678,   -0.062950
    0.762661,   -0.010578,    0.750515
    0.553661,   -0.159553,    0.859979
   -1.942777,    0.004525,   -1.551017
    1.063053,   -0.032574,    0.515018
   -0.015922,   -0.092179,   -0.309820
    0.417141,   -0.120631,   -0.569007
    0.444995,    0.017117,   -0.251192
   -0.769148,    0.051266,    0.657890
   -0.777796,   -0.014615,   -0.524803
    0.810266,   -0.036253,   -0.259250
    0.044002,   -0.131166,    0.598846
    0.817745,   -0.086939,    0.420935
    0.087819,    0.126976,   -0.575609
    0.607108,   -0.037868,    0.422365
    0.583719,   -0.076279,   -1.170446
    0.367772,   -0.043850,   -0.076505
    0.638964,    0.065053,    0.102520
    0.288730,   -0.089959,    0.669855
    0.360455,    0.088084,    0.451016
    0.625407,    0.050546,    0.543543
    0.731784,   -0.003405,    0.308441
   -0.556070,    0.060195,   -0.601994
   -0.127386,   -0.232329,   -0.575417
    0.550285,   -0.101330,    2.058453
    0.833324,   -0.219936,   -1.093810
   -0.492731,    0.059516,    0.286932
    1.577198,   -0.291498,    0.229259
   -0.776157,    0.119204,   -1.432234
    0.710578,    0.006441,    0.070092
   -0.191832,    0.044411,    0.200330
   -0.317175,   -0.040628,    0.437322
    0.246592,   -0.011258,    0.432170
   -0.874051,    0.058025,   -1.390742
    0.090580,   -0.016604,   -0.024404
    0.212746,   -0.144221,    0.174977
   -0.149432,   -0.052230,   -0.762680
    1.219603,    0.107649,   -0.094788
    0.184082,    0.057526,    0.294405
    0.155929,    0.045299,    0.362232
   -0.506431,   -0.054604,   -0.687737
   -0.135740,   -0.271962,   -0.615914
    0.466387,    0.031748,   -0.173431
   -0.651680,    0.005345,   -0.856161
   -0.469988,    0.007025,   -0.784823
    0.912838,   -0.031082,    0.431312
   -0.333275,    0.025717,   -0.390247
    0.785704,   -0.057937,   -0.270833
    0.935389,    0.111906,    0.439132
   -0.029419,    0.005173,    0.359807
    0.124509,   -0.018344,   -0.242415
   -0.405471,    0.109393,   -0.448941
   -0.146116,   -0.214800,   -0.879053
   -2.702888,    0.020515,   -1.903616
   -2.223092,    0.105834,    0.063603
    0.136259,    0.133898,   -0.348299
   -4.099056,   -0.097543,   -1.493858
   -1.640040,    0.150741,   -1.059308
   -5.064578,    0.208130,   -1.402174
    5.489262,    0.007978,   -0.161866
   -1.889879,    0.080680,    0.372846
    4.093777,   -0.031516,    2.358856
    0.390517,   -0.104922,   -0.314499
   -3.203657,   -0.202005,   -2.915280
    1.004740,   -0.158209,    0.936754
    1.178076,   -0.103965,    0.925854
   -0.279077,    0.103204,   -0.772848
   -0.275086,   -0.060958,   -1.628298
   -2.131027,   -0.226760,   -0.018668
   -4.307236,    0.213750,    0.051628
    2.495113,    0.118674,    0.207261
   -1.592968,    0.072618,   -0.483179
   -3.117898,    0.110378,   -1.256268
    2.147263,   -0.087683,   -0.080147
    3.550854,   -0.102818,    2.293525
   -1.626365,    0.038314,   -0.083933
    1.267659,   -0.107139,    0.249434
   -0.220903,   -0.152486,   -0.897060
    0.479909,   -0.069045,   -0.117734
    0.441930,    0.009145,    1.169767
    0.093541,   -0.207991,    0.347051
   -1.182852,    0.014504,   -0.559114
    0.064510,   -0.031372,    0.476992
    2.474831,    0.081804,    1.802204
    1.652030,   -0.121265,   -1.416151
    0.259339,    0.010987,    0.782070
    0.309983,    0.024200,   -0.438341
   -1.222202,   -0.119919,   -0.236570
    0.825220,    0.039699,   -0.055949
   -1.025483,    0.077593,   -1.173856
    0.318129,   -0.037816,    1.180254
   -1.313361,    0.072833,   -0.398550
   -0.083426,   -0.047035,   -0.000949
   -1.670705,    0.134101,   -1.295163
   -1.492820,    0.171695,   -0.315673
   -1.149827,   -0.031351,    0.930093
   -0.845733,   -0.077231,    0.114509
    3.571456,    0.013485,    0.903448
   -0.099767,    0.075616,   -0.803417
   -1.324857,    0.122295,   -1.164034
    1.701363,    0.005692,    2.204472
   -0.228263,    0.003672,    0.502565
    1.388821,   -0.069712,    0.168070
    0.965914,    0.123530,   -1.017551
    0.403846,    0.062198,    0.847464
   -0.669540,   -0.057971,   -0.351261
   -1.304379,   -0.073083,   -0.422687
    1.000049,   -0.003732,   -0.057812
   -0.506626,   -0.099426,    0.135407
    0.639932,    0.105946,   -0.582117
   -1.201345,   -0.104513,   -0.717242
    0.099454,   -0.003727,    0.207543
    0.785589,   -0.093901,   -0.462854
   -0.871492,    0.057583,    1.262168
    0.498619,   -0.088991,   -0.195085
    0.709607,   -0.103425,    0.876797
    1.247014,    0.086565,    0.558531
    0.704013,    0.089241,    0.211897
    1.243969,    0.060974,    0.072664
   -0.143431,    0.035156,    0.759887
    0.002781,    0.114734,   -1.268111
    0.501863,    0.162805,    1.052888
   -0.995917,   -0.112407,   -0.418839
   -0.070360,    0.039665,    0.138459
    0.088322,   -0.028412,    0.855751
    0.507121,   -0.016228,   -0.005747
    0.625398,   -0.027920,    0.313068
    0.696921,    0.161606,   -0.142094
   -0.084652,    0.109341,    0.428716
    0.675697,    0.023351,    1.201842
    1.266840,    0.008134,   -0.425496
   -0.285016,   -0.111157,    0.462822
   -0.403967,   -0.138182,   -0.566515
   -1.191187,   -0.022591,   -0.196722
    0.887744,    0.151111,    0.450967
   -0.594100,   -0.057810,   -1.039517
    1.793569,   -0.066699,    0.618636
    1.052894,    0.113677,    0.438616
    0.470935,   -0.029958,   -0.716613
   -0.179328,    0.069449,    0.642746
    0.667796,   -0.187565,   -0.367212
   -0.460147,    0.120087,   -0.479341
    1.057338,    0.092069,    0.788623
    0.228475,    0.061499,   -0.131902
   -0.984541,    0.214671,   -0.837273
   -1.002165,    0.093312,    1.038786
    0.531706,   -0.064808,    1.192999
    1.403473,   -0.013372,    0.201187
   -0.085772,   -0.104357,    0.192834
    0.092871,    0.010697,    0.389610
    0.373669,   -0.082620,   -0.104620
   -0.894208,   -0.022685,   -0.292709
    1.154137,    0.114899,    1.173348
    1.219548,   -0.038642,    0.165583
    0.015314,   -0.019053,    0.495730
    0.293221,   -0.066890,    0.381453
    0.361851,   -0.120445,    0.482775
    0.636732,   -0.036473,   -0.319229
    1.637286,    0.049678,    0.919352
   -0.361443,   -0.060320,    0.800177
    0.080037,   -0.026179,    0.013180
   -1.241650,    0.106034,   -0.801678
    1.234477,    0.021319,    0.561345
   -0.082751,   -0.102313,   -0.710019
    0.521597,   -0.015129,   -0.437541
    0.379968,   -0.118938,    0.901386
   -0.113224,    0.000378,    0.133273
    0.312484,   -0.040954,    0.117887
   -0.364917,    0.106382,   -0.074709
   -0.544870,    0.151275,   -1.207578
   -0.632918,    0.054319,   -0.304302
    0.275599,    0.072974,   -0.405894
    0.675298,    0.174683,   -0.550146
   -0.801404,   -0.135589,   -0.193404
    0.028985,    0.036951,    0.307972
    1.418767,   -0.234355,    0.755040
    0.591478,    0.133888,   -0.554312
   -0.073507,    0.004210,    0.243008
    0.066189,    0.021369,   -0.841175
   -0.520766,    0.072333,   -0.644862
    0.476151,   -0.022146,    0.356966
   -0.075690,    0.093328,    0.274215
    1.101224,    0.011036,    0.524547
   -0.450769,    0.030599,   -0.231868
   -1.136049,    0.001981,   -0.264032
    0.636545,    0.006954,    0.123933
    0.289495,    0.049763,    0.407635
   -0.083545,   -0.038502,   -0.943505
    0.082515,   -0.061866,   -0.339020
   -1.404641,    0.088338,   -1.754198
   -2.617822,   -0.103479,   -1.380141
   -0.183666,    0.092512,    0.184104
    2.076949,   -0.045616,    1.219903
   -1.161655,    0.027726,   -0.910673
   -0.632153,   -0.013617,   -1.397360
    1.130280,    0.005871,    0.623459
    1.297099,    0.067432,    0.905521
   -0.102039,    0.010607,    0.165199
    0.840816,   -0.041066,   -0.177613
    0.062022,   -0.055603,    0.131934
    1.347516,   -0.173952,    1.276042
    1.370912,   -0.036138,   -0.690642
    0.017517,   -0.015850,    0.696820
    0.099208,   -0.092783,    1.346770
    0.862260,    0.030007,    0.595701
    0.039599,   -0.143656,    0.013221
   -0.926837,   -0.047032,   -1.266776
    0.937052,    0.077893,   -0.146330
    0.370177,   -0.016685,   -0.547616
    0.274624,   -0.024488,    0.108402
    0.758594,   -0.099092,    1.651342
    0.076238,   -0.096318,   -0.080254
   -0.017138,   -0.005166,   -0.778713
    0.989003,    0.029385,   -0.377356
   -0.528145,    0.027675,    0.679565
   -0.918480,    0.037983,    1.435596
   -0.123639,    0.055285,   -0.297139
   -0.088501,   -0.147583,    0.115287
    0.074602,   -0.007121,    0.438104
   -0.688285,   -0.066901,    0.563934
    1.957975,    0.036089,    1.087670
    0.097906,   -0.137509,   -0.267368
    1.320047,   -0.038275,    0.189804
   -0.081304,   -0.062508,   -0.295786
    0.330174,    0.042728,    0.141892
   -0.198725,   -0.121922,    0.026526
    0.458200,    0.091494,    0.402100
    0.185637,   -0.009518,   -0.150723
   -0.459526,    0.017461,   -0.735767
    0.345649,   -0.038937,    1.217461
    0.437931,   -0.107074,   -0.912255
   -0.694715,   -0.066763,    0.591523
    0.127620,   -0.108252,   -0.392080
    0.685616,   -0.054759,   -0.038567
   -0.257217,    0.094788,    0.036634
    0.521266,    0.038100,    0.467801
   -0.156092,    0.026382,    0.895696
    0.390848,    0.261358,    0.875919
    0.701535,    0.002330,    0.131668
    0.460029,   -0.017141,   -0.473821
   -1.127526,   -0.055658,   -0.778165
    0.636650,   -0.006332,    0.343291
   -1.174822,    0.009986,    0.105279
    0.344284,   -0.037134,    0.713784
    1.572826,    0.071316,   -0.436718
    0.650871,    0.302099,    1.239160
   -0.342637,   -0.021775,    0.165265
    0.583107,   -0.093918,   -0.123064
   -0.699922,   -0.014484,    0.325292
   -0.356059,    0.067841,    0.330151
    0.008338,   -0.071109,    0.288134
    0.649008,    0.024110,   -0.322517
    0.899063,    0.107917,   -0.347643
   -3.957582,    0.046490,   -3.702300
   -1.916858,    0.113445,   -0.130815
   -0.545215,    0.061239,    0.071347
    0.779178,    0.007680,   -0.938633
   -1.406370,    0.036896,   -0.794007
    0.341341,   -0.056521,    1.053929
    1.455800,   -0.029279,   -0.190945
    1.903735,    0.041000,    1.576276
    0.064707,   -0.057953,    0.249185
    0.165412,    0.003779,   -0.433339
   -1.221115,    0.033663,   -1.719105
   -3.215380,    0.101748,   -1.000290
    2.424172,   -0.062524,    0.484128
   -0.009333,   -0.053291,   -0.596208
    1.691820,   -0.087038,    1.383837
    0.651192,    0.035583,    0.582891
    0.682948,   -0.018351,    1.026233
    1.494714,    0.039763,    0.323134
   -0.089159,   -0.162356,    0.561426
   -0.949975,   -0.069853,   -0.307286
    0.562741,   -0.116197,   -0.266405
   -0.863649,    0.026766,   -0.542678
    1.126818,   -0.017115,    0.577917
    0.277648,   -0.066042,    0.270677
    0.908578,    0.013622,   -0.226694
   -0.003811,   -0.029080,    1.101905
    1.310377,   -0.004200,   -0.213578
    0.205824,   -0.033162,   -0.739778
    1.139930,   -0.159198,    0.424591
   -0.434962,   -0.004919,   -0.409293
    0.408472,   -0.033979,   -0.353099
    0.727408,   -0.027396,    0.352036
    1.160034,   -0.196541,    0.043917
    0.102173,   -0.023857,   -0.342274
   -0.542236,    0.115887,   -0.047145
   -0.455108,   -0.050634,   -0.660499
    1.256356,   -0.051324,    0.852824
   -0.124760,   -0.014434,    0.062687
   -1.261368,    0.090494,   -0.698324
    0.922703,    0.040447,    0.103680
    0.695415,   -0.082569,    0.372323
   -0.385246,   -0.074195,   -0.776165
    0.672094,    0.032381,   -0.215700
   -0.181529,    0.023816,    0.909124
   -0.701692,   -0.003765,    0.588315
    0.930716,    0.093287,    0.624708
    0.643252,   -0.057672,    0.099704
   -2.229620,    0.056808,    0.545144
   -0.114960,   -0.026132,    0.401386
   -1.190558,   -0.035154,   -0.564047
    1.200544,    0.057010,    0.616278
    0.915798,   -0.183585,   -0.338569
    0.137128,   -0.083013,   -0.815292
    0.092974,    0.042957,    0.529706
    0.904709,   -0.114752,    1.468042
   -0.269128,   -0.077215,    0.583246
   -0.314462,    0.037906,   -0.343646
    1.599692,   -0.032486,    0.097401
   -0.504927,   -0.032133,   -0.556114
   -0.133355,   -0.045668,   -0.007023
    0.505774,    0.024953,    0.091685
   -0.192622,    0.093847,    0.985225
   -0.613627,   -0.017399,    0.999825
    1.237077,   -0.090899,    0.292941
    1.027424,   -0.069847,    1.042074
   -0.602317,   -0.012606,   -0.251690
   -0.227513,    0.020867,   -0.879708
   -3.831118,   -0.163427,   -1.914795
    0.500424,   -0.064337,    1.301851
    0.969070,   -0.014442,    0.623961
   -1.135514,   -0.019515,    0.017296
    0.388040,   -0.021964,    0.770388
    1.776994,    0.095610,    1.183420
    0.603606,   -0.018525,    0.414398
    0.561777,   -0.075617,   -0.081499
   -0.753528,    0.119068,   -0.465344
    0.140707,   -0.382135,   -2.295608
   -1.846090,   -0.080778,    0.176366
   -0.374804,    0.122599,   -1.702232
   -0.451782,    0.006017,   -0.155938
   -0.283530,    0.082317,    0.104956
    1.289892,   -0.106811,   -0.192165
   -0.130535,    0.019610,    0.327985
   -0.065708,    0.050637,   -0.463938
    1.362966,   -0.031360,    0.117704
    0.384913,   -0.146005,   -0.436065
   -0.362416,   -0.066004,    0.066824
    0.327063,   -0.079261,    0.129228
    0.884095,   -0.008560,    0.579042
   -0.494316,    0.126478,   -1.763015
    0.002207,    0.121853,   -0.661392
    1.546523,   -0.133196,    1.324996
    0.113257,    0.059101,    0.358386
    0.222665,   -0.020868,   -0.334443
   -0.810235,   -0.000974,   -0.037557
   -0.595839,    0.089396,   -0.647296
    0.697890,   -0.013245,    0.568286
   -1.243317,    0.212187,   -0.958393
    0.567131,    0.036778,    0.421693
   -1.413122,    0.046584,   -1.287480
   -1.425603,    0.051458,    0.629399
   -3.230265,    0.067697,   -2.105665
   -0.285484,    0.055299,   -1.291159
    0.795597,    0.041880,    0.242758
    1.318927,   -0.137499,    0.369174
   -1.833907,    0.087388,   -0.161678
    0.959493,   -0.078144,    0.212800
   -1.198852,    0.163293,   -2.320748
   -1.771430,   -0.015778,    0.420316
    1.007602,   -0.073711,    1.146119
    2.224716,   -0.139618,    1.122363
   -2.605757,    0.151243,   -1.128389
   -3.143128,    0.122978,   -0.878369
    2.779608,   -0.027585,    1.587869
   -0.784991,   -0.097346,   -0.888917
   -1.043176,    0.250019,   -0.267142
   -3.350164,    0.305143,   -0.500285
    1.500413,    0.052320,   -0.312714
    1.159526,   -0.061734,    1.304108
   -0.455260,    0.192221,    0.590841
    1.904551,   -0.346798,    1.121901
    0.545241,    0.043771,   -0.089399
    1.029986,    0.027820,   -0.006878
   -0.481882,   -0.101278,   -0.302778
   -2.266773,    0.091939,   -1.764438
    1.258942,    0.093558,    1.090692
    0.972108,   -0.089578,    0.440338
    0.965141,   -0.128146,    1.413659
    0.617471,    0.001196,    0.190617
    0.176657,    0.012161,    0.922927
   -2.195330,    0.042633,   -1.691049
   -0.433718,   -0.002117,   -0.605187
   -2.520245,    0.159748,   -1.933271
   -1.355381,    0.044089,   -0.846050
    2.097985,    0.043512,    0.754847
    0.591241,   -0.074149,   -0.849846
    1.075482,   -0.063009,    0.483705
   -1.289961,    0.038108,    0.161950
   -1.595961,   -0.113896,   -0.664405
    1.303879,   -0.149786,    1.691619
    3.202635,   -0.015924,    0.528250
   -1.164110,   -0.141979,   -1.688484
    0.430592,   -0.029715,    0.024524
   -1.042544,   -0.006020,   -0.568740
   -1.240552,    0.024711,   -0.029021
    1.009002,   -0.075335,    0.863621
    1.398314,    0.049178,    0.578939
    0.448101,    0.031954,   -1.006822
    0.545303,   -0.016348,    0.533839
    0.480340,   -0.011417,    1.332274
    0.497395,    0.055068,   -0.255128
    0.057579,   -0.019400,    0.090496
    1.102430,   -0.103867,    0.600198
   -0.314721,   -0.072055,    0.060437
    0.625534,    0.008311,    0.561187
    0.250789,   -0.037344,   -0.634804
    0.632811,   -0.077266,   -0.812358
   -0.569634,   -0.042151,    0.529595
   -0.693814,   -0.135268,   -1.126654
   -3.067066,    0.076857,    0.171064
    0.394264,    0.070568,   -0.114200
   -1.554071,    0.163066,   -0.625119
   -1.533316,    0.122236,   -1.455528
   -2.351702,    0.135276,    0.642946
    2.485592,   -0.073612,    0.020307
   -1.185797,    0.100378,    0.138240
    1.240680,   -0.028300,   -0.561528
   -0.048669,   -0.024748,    0.324354
    0.317790,   -0.003588,    0.731875
   -0.648619,    0.023396,   -0.866124
    1.194511,   -0.100823,    0.997955
   -1.105774,    0.029889,   -0.924884
   -1.237044,    0.012709,   -0.631086
   -0.020889,    0.017085,   -0.835251
    0.503636,   -0.093506,    0.132331
   -1.187287,    0.112166,   -2.733778
   -0.374564,    0.087800,   -0.510328
   -2.503026,    0.049674,   -1.058041
    0.522821,   -0.119902,    0.152657
   -0.489883,   -0.107941,    0.734858
    0.196769,   -0.007488,   -0.804985
   -1.722952,    0.058294,   -0.395655
   -0.568299,    0.023957,   -0.101165
   -3.350150,    0.016457,   -1.951965
    1.096790,   -0.029371,   -0.090823
   -2.019267,    0.087916,   -1.541131
   -0.266872,    0.015135,   -0.235226
    0.683905,   -0.041769,    1.551963
    0.705745,   -0.017393,   -1.591504
   -0.432379,    0.180724,    1.116288
    3.179256,   -0.126868,    3.038055
    0.741102,    0.180244,    1.009332
    0.838810,   -0.115265,    1.389442
   -0.368899,    0.067927,   -0.291936
   -1.846274,    0.068748,   -1.293558
    1.791696,   -0.017313,    1.979872
    0.471022,   -0.122994,    1.422515
    1.254553,   -0.166176,   -0.037330
    0.751690,   -0.212693,    0.098043
    0.158464,   -0.028928,   -0.961509
   -0.147378,   -0.154212,    0.425420
   -2.552740,   -0.036162,   -0.449441
   -0.128559,    0.007570,    0.136849
   -2.862792,   -0.033791,   -1.231277
   -0.289793,    0.028997,    0.217129
   -0.086617,    0.292825,    0.082601
   -0.421547,    0.124984,    0.583017
    1.748943,   -0.022574,    1.370347
   -0.453937,   -0.158193,   -1.087801
    0.733381,    0.045170,   -1.195808
   -1.809536,    0.166333,   -1.618943
   -0.848276,    0.073977,   -0.749037
   -3.210119,    0.178171,   -2.688409
   -0.687966,    0.028131,    0.057527
    1.035904,   -0.056883,   -0.607363
   -2.205448,    0.162592,    0.894856
   -1.446654,   -0.059282,   -0.905322
   -0.358793,    0.000680,   -1.335424
    1.740164,    0.223346,    0.111539
   -3.477607,    0.077537,   -2.262889
   -0.774094,    0.123948,    0.109496
    0.158697,    0.063274,   -1.541960
   -0.936199,    0.052851,   -0.026219
   -4.015871,    0.209059,   -1.291973
    3.631884,    0.020529,   -1.164833
   -3.016333,    0.202982,    1.208551
    3.763971,   -0.373020,    0.863962
    0.676034,   -0.100838,    0.122275
   -1.306323,    0.193686,   -0.356366
    1.019881,   -0.088963,    0.887530
   -0.605147,   -0.086845,   -1.112435
   -0.364990,    0.294034,    1.620441
    2.947855,   -0.059538,    1.228898
    0.283934,   -0.131435,   -0.883313
   -3.081277,    0.202541,   -1.186948
    0.564144,   -0.016723,   -0.857106
   -2.747730,    0.174390,    0.728697
   -0.133601,    0.009389,   -0.378735
   -0.934596,    0.007516,    0.163687
    3.657491,   -0.216620,    0.451638
    0.337012,   -0.389887,    0.387581
    0.168028,   -0.178241,   -0.747462
   -1.161957,    0.121109,   -1.187461
    2.358064,   -0.106758,    0.779469
    0.566328,    0.136487,   -0.452900
   -1.286537,   -0.081271,    0.567457
    0.985738,   -0.128343,   -1.211552
   -1.237625,    0.106874,   -0.108037
    1.874108,   -0.046280,    1.309538
    1.742035,   -0.108335,    0.410478
    0.605733,    0.059966,   -1.042774
   -1.533077,    0.074596,   -1.316400
   -0.629260,    0.143999,   -2.083074
   -1.281767,   -0.142832,   -1.197089
   -2.144256,    0.061766,   -0.831022
    1.884275,   -0.073067,    0.555541
   -1.021797,    0.042546,   -1.739351
   -1.419040,    0.031057,   -1.294011
   -1.239071,    0.025513,   -1.473681
    1.530242,   -0.049521,    2.540760
    1.660372,    0.001777,   -0.592022
   -1.225177,    0.234945,   -0.803206
   -1.228757,    0.029343,   -1.547488
   -3.809576,    0.169128,   -3.261558
    2.747905,   -0.077024,    2.927757
   -1.049241,   -0.178296,   -0.847510
   -1.002991,    0.030693,    2.660125
    3.723361,   -0.370214,    1.219072
   -0.079016,   -0.005179,   -1.214153
    2.215035,   -0.012160,   -0.660357
   -0.114759,   -0.132341,   -0.257316
    0.127470,    0.143469,   -0.434034
    3.163634,   -0.129607,    4.438619
    1.474659,   -0.006923,    0.407982
   -1.081551,    0.059329,   -0.300640
   -0.156452,    0.093796,   -0.072813
    1.277648,   -0.103824,    0.482892
   -1.182697,   -0.027704,   -0.461833
    0.028296,    0.003540,   -1.183335
   -0.321603,    0.142007,   -0.022562
   -1.497831,    0.044591,   -1.127528
   -0.863935,   -0.159736,   -0.953970
    0.186160,   -0.124625,    0.761692
    2.161488,   -0.142704,    0.908164
   -1.189638,   -0.172218,    0.473347
    1.565405,   -0.213640,    2.666571
   -1.143479,    0.044445,   -1.598716
   -0.430891,   -0.144793,   -1.414161
    1.301754,    0.028030,    0.993526
   -0.736027,    0.014835,    0.992098
    2.856549,   -0.042868,    1.571646
    0.775319,   -0.005111,    0.418911
   -1.477387,    0.203718,   -0.188436
   -0.099185,    0.109956,    0.002966
    2.198440,   -0.112261,    3.283588
    0.002396,    0.065700,   -0.777137
    0.065358,    0.163507,   -0.558184
    1.161559,   -0.100804,    0.343989
    0.067351,    0.169780,    0.048044
   -1.024249,    0.122840,   -1.111425
    0.379327,   -0.091138,    0.037629
    0.322386,   -0.200732,    0.516488
    0.125489,   -0.103799,    0.863556
    0.479228,   -0.198403,    1.024537
    0.557962,    0.031261,   -0.359348
    1.219210,   -0.035970,    0.297559
   -2.226148,    0.011411,   -1.839674
   -0.426910,   -0.175450,   -1.798714
    0.822067,   -0.363585,    0.687887
   -1.954232,    0.019110,   -1.817148
    0.295418,   -0.086528,   -0.223345
   -0.568529,   -0.141610,    0.407582
    0.824769,   -0.055261,    1.471134
   -0.085526,   -0.230007,    0.871569
    0.296054,    0.213291,    0.580466
   -0.922747,    0.074469,   -0.174822
    0.310312,   -0.099504,   -0.186173
   -1.410519,    0.080170,    0.000667
   -0.231481,   -0.083605,    0.215367
   -2.369558,   -0.587920,   -3.378145
   -0.913346,   -0.044068,    0.901128
   -1.651810,    0.067489,   -1.538310
    0.986480,   -0.221376,    1.138293
    0.040210,   -0.172801,    1.221808
    0.212398,   -0.263791,   -0.719925
    0.963723,    0.219393,   -0.097418
   -1.836799,    0.201550,   -0.656175
   -0.783282,   -0.059539,   -0.248449
   -1.935032,    0.108467,   -1.698700
   -2.049086,   -0.003734,   -1.109533
    1.439276,    0.060664,    0.785607
   -3.038911,    0.083772,   -3.333614
   -1.693527,    0.085575,   -0.536745
   -0.381960,   -0.346193,    0.810992
   -2.137171,    0.030683,   -0.860470
    0.549381,   -0.053935,   -1.994443
   -0.224501,   -0.089043,    0.256327
   -1.184665,    0.051445,   -0.490433
    1.385317,    0.138528,    0.355045
   -2.040672,    0.016066,    0.345628
    1.744673,    0.069460,   -0.709299
   -1.929579,    0.032152,   -0.480197
   -2.252658,    0.080350,   -1.896192
    1.072371,    0.005867,   -0.063013
   -1.590131,    0.192184,   -2.080751
    1.172360,    0.050924,    2.608616
    3.672498,   -0.029285,    0.553487
    2.272301,   -0.187638,    0.475152
    0.743462,   -0.152711,    0.434079
   -2.481518,   -0.063280,    1.006514
    1.787611,   -0.038808,    1.761500
   -2.606820,    0.236338,   -1.360004
    0.078584,    0.005244,   -0.074891
   -0.751793,    0.025268,   -1.871892
    0.067522,    0.003242,    2.178510
    1.841022,    0.289438,    1.395060
    0.058769,    0.207557,   -0.835934
   -1.216511,    0.340592,   -0.402882
   -0.856598,   -0.016406,   -1.372687
    3.124602,   -0.031222,    2.508909
    1.336168,   -0.008520,    1.032913
   -0.472496,    0.199579,   -1.035770
    0.580183,   -0.011619,    3.690279
    1.588550,   -0.061778,    1.104174
   -0.424808,    0.109051,   -0.195758
   -2.423371,    0.062141,   -0.914907
    0.612924,   -0.013406,    0.284553
   -0.066766,    0.039583,    1.402163
    0.128317,    0.016489,   -0.781447
   -3.988734,    0.063414,   -1.235871
    0.381061,   -0.035733,    0.536400
   -0.616368,   -0.207788,   -1.554322
    2.955771,   -0.159508,    1.509032
   -1.379106,    0.162421,   -0.664024
    0.623246,    0.051606,    1.052720
    0.165442,   -0.089050,    0.564547
    1.578081,   -0.034004,    1.290793
   -0.481418,    0.072112,    0.250125
    0.205054,    0.111484,    0.557174
    1.428275,   -0.130337,    0.163202
   -0.899289,    0.156163,    0.068714
   -3.235934,   -0.033634,   -2.226930
   -2.659893,    0.180508,   -0.030879
    3.305686,   -0.066004,    2.735824
   -1.222130,    0.168535,   -1.476909
   -0.780316,    0.025870,    0.753863
   -1.533287,    0.090817,    1.304574
    2.028988,   -0.089924,   -1.024975
   -2.927055,    0.314908,   -3.433115
   -2.000606,    0.152902,    0.889938
   -3.453700,   -0.251262,   -3.775480
   -0.375626,    0.102656,    0.228208
    8.222430,   -0.356628,    4.700067
   -1.123653,   -0.187792,   -3.953914
   -1.796086,    0.037239,   -1.402755
   -0.537523,    0.138055,    0.532782
    2.297056,   -0.266296,    1.341557
   -1.763705,    0.100813,   -0.160856
   -5.473435,    0.155875,   -5.034742
   -0.405608,   -0.023599,    6.221267
    0.048097,    0.154227,   -0.217240
   -1.015326,    0.258822,   -1.931603
    1.971317,    0.244993,   -0.592060
   -7.125505,    0.352810,   -2.640876
   -2.522246,    0.137648,   -5.504126
   -6.416528,    0.688519,   -2.798912
   -0.565131,   -0.263863,   -4.841186
   -5.750878,   -0.105685,   -3.592378
    8.896975,   -0.110216,    8.852312
    2.175000,   -0.006045,    2.692710
   -5.649827,   -0.001280,   -4.934707
   -3.421441,    0.142809,    1.155757
    0.913868,    0.173829,    0.648653
    3.835625,   -0.059931,    5.203082
    0.647329,    0.038448,   -0.071898
   -3.669646,    0.121582,   -3.292087
   -2.174723,    0.437817,   -0.558117
   -6.107529,    0.334878,   -2.913542
   -3.463350,    0.049610,   -0.995393
    1.262178,   -0.040363,    6.342311
    6.066956,   -0.164050,   -2.123321
    4.645570,   -0.137857,    3.482501
   -0.597447,    0.054754,    2.302132
    4.516224,   -0.158354,   -0.455667
    6.333792,   -0.066978,    2.793470
   -1.703230,   -0.116286,   -1.966019
   -6.105176,    0.115545,   -3.276630
    2.618265,    0.116520,    1.335019
    0.922398,    0.032701,   -0.514782
   -4.963403,    0.162093,    0.390568
   -3.022153,    0.235985,   -3.445938
    0.079712,    0.071609,    1.649839
   -0.020796,    0.007517,   -2.965266
   -0.715239,    0.030499,   -1.305420
   -1.085455,    0.030895,    1.008123
   -4.894807,    0.023622,   -4.384609
   -1.615896,    0.560905,   -3.136964
   -2.895772,    0.062804,    4.914714
    9.005669,   -0.075990,    1.877210
    1.211009,    0.075745,   -1.390959
   -0.664260,    0.237898,    3.708766
    2.377993,   -0.104770,    0.211999
   -0.574567,    0.126768,    2.590069
   -5.031355,    0.166147,   -4.182160
    3.932467,    0.309151,    0.095443
    0.990990,    0.196073,    1.936928
   -0.143010,    0.388909,   -1.028341
   -4.586927,   -0.197513,    2.332221
    8.429404,   -0.239563,    0.022030
    3.023227,   -0.433498,    0.916747
    0.716527,    0.145916,    0.467935
   -1.517797,    0.037603,   -3.020787
   -2.437738,    0.037008,   -0.468371
   -1.244948,    0.078577,   -0.049961
    2.190861,    0.200643,    3.530928
   -0.446934,    0.764237,   -5.563637
    1.222376,    0.003258,   -2.961776
   -1.248850,    0.047426,    3.466349
   -1.325405,    0.070684,   -0.316141
    0.401581,    0.162904,    0.864424
   -0.054486,    0.095246,   -2.016245
    1.155393,    0.006753,    2.022976
    4.791462,    0.049094,    4.335961
    0.227815,   -0.207952,    1.758739
    0.914972,   -0.116733,   -2.764332
   -0.886524,    0.016121,    0.745717
   -1.127184,    0.105276,   -0.450748
   -2.192802,   -0.052991,   -0.223446
   -1.672299,    0.225429,    1.620474
   -4.562149,   -0.140983,   -1.010647
   -0.591950,    0.100243,   -0.811201
    1.141815,   -0.235589,   -1.483715
   -1.291178,   -0.115286,    0.627679
   -3.500892,    0.018702,   -1.988004
    2.365049,   -0.061185,    1.378874
   -0.780588,   -0.088686,   -2.297002
   -0.743711,   -0.214599,    0.477247
    3.011725,   -0.473828,   -2.790849
    0.106645,    0.089797,    2.401964
    2.415754,    0.139890,    1.139388
   -3.204543,   -0.033078,   -1.174872
    0.064056,   -0.022492,    1.285216
   -2.333285,   -0.015711,   -0.066351
    2.646942,    0.343089,    0.336883
    3.382743,   -0.212444,    0.293224
   -0.340720,    0.192435,    0.697098
    4.192119,   -0.217095,    1.020617
    2.626770,    0.035516,   -2.321298
   -1.769936,    0.321272,   -1.972983
    0.100782,    0.612322,    3.927263
   -0.532305,    0.016162,    0.568867
    0.765091,   -0.197094,   -1.831984
    0.489198,    0.046301,    1.915364
   -4.429048,   -0.004808,   -0.802598
    0.512507,    0.347086,   -0.355688
    1.041349,   -0.238870,   -1.503361
   -3.673837,    0.243273,   -0.277671
   -2.452705,    0.071800,   -3.161713
   -0.410832,    0.149006,    3.442912
    0.000432,   -0.023048,    0.068920
    3.831992,   -0.314779,   -0.368703
   -0.508429,    0.119973,   -0.694881
   -3.405118,    0.068085,   -2.481892
   -2.146491,   -0.124797,   -1.074575
    4.137287,   -0.020476,    1.945099
   -3.445005,    0.055721,   -1.668784
   -0.578539,    0.103973,   -1.440555
    0.786136,   -0.012050,   -1.956903
    5.319314,   -0.045745,    2.236889
    2.174567,   -0.218032,   -0.336338
    0.203428,    0.100323,    1.636826
   -0.605887,   -0.055146,   -0.127563
    2.363790,    0.045585,   -1.349505
   -1.484411,   -0.011254,    2.706962
   -0.318202,   -0.079557,   -0.372948
    2.142926,    0.225981,   -5.452855
   -2.197100,   -0.018085,    1.647674
    0.870044,   -0.378859,    3.635429
   -1.889674,   -0.152040,   -0.271583
    1.557077,    0.145184,    0.446481
    0.327224,   -0.004549,    1.157456
   -1.287449,   -0.003033,    0.188742
   -3.193918,   -0.009856,   -1.456833
    2.611966,    0.327210,    0.599966
    3.464581,   -0.051868,    1.172094
    5.473383,   -0.270191,    1.490152
    0.637639,   -0.139425,    0.049245
   -0.103817,   -0.166999,   -0.621324
   -0.683532,    0.087912,    0.056627
    0.845422,    0.069626,    1.965264
    1.478134,   -0.008363,    2.959487
    3.527660,    0.195514,   -1.847342
   -1.322083,    0.295507,    2.096745
    1.986397,   -0.003556,    1.802635
    2.841524,   -0.105747,    2.462525
   -4.488504,    0.212150,   -0.863081
    1.184448,    0.043148,   -0.371501
    3.973070,   -0.205317,   -1.423059
    0.893226,   -0.077894,   -0.158078
    1.138724,   -0.224052,   -1.181071
    0.349716,    0.169044,   -0.546970
   -3.173690,    0.021813,   -0.269034
    2.300816,   -0.042882,    0.221634
   -0.145198,   -0.131088,    0.949924
    2.374399,   -0.233150,    1.580061
    0.803973,   -0.035085,    0.235417
    2.221711,   -0.162609,    1.051707
   -0.668096,   -0.299104,   -1.817590
    1.252815,    0.101576,    1.403309
   -2.121906,    0.196796,   -1.723685
   -1.456176,   -0.207492,    0.326990
   -2.833605,    0.042024,   -1.454489
    1.205838,    0.144366,    0.467328
    0.898856,   -0.024973,   -1.304133
    1.862861,    0.010406,    2.258420
    1.336613,   -0.158593,   -1.011394
   -0.499808,   -0.104613,   -1.692257
   -1.714707,   -0.115672,   -2.627011
   -0.057238,   -0.091480,    0.294290
    0.228423,    0.188341,    2.777941
   -0.092847,   -0.074543,    0.476499
   -0.257707,   -0.152388,    1.288370
    0.467947,    0.042813,   -0.840764
    3.166254,   -0.127217,    0.589046
   -0.592034,    0.046653,    0.766592
   -2.882474,    0.167090,    1.157841
   -0.209278,   -0.065405,    0.261399
    0.212387,   -0.049137,    1.971713
   -0.393099,   -0.162045,    0.357008
   -0.102264,    0.063318,   -1.083842
    2.137142,   -0.012906,   -0.533352
    2.011142,   -0.017262,    1.121945
   -0.639038,    0.355818,   -0.058059
   -1.765624,    0.268934,    0.072517
    0.495411,    0.008769,   -1.574701
   -1.980082,    0.043214,    0.417954
    0.317663,   -0.016294,   -0.287507
   -3.049771,    0.019804,   -0.174353
   -0.116460,   -0.016941,   -0.879862
    3.405587,    0.071497,   -0.344668
   -0.490667,    0.172643,    3.232779
    0.763107,    0.106955,   -2.494843
    2.146977,    0.042627,    0.142777
   -1.205733,   -0.015805,   -0.231971
    2.257634,   -0.016706,   -1.414254
   -2.273351,    0.567473,   -0.031749
   -0.260104,    0.001676,   -0.048446
   -1.006397,    0.037099,    0.750186
    0.138103,    0.001310,   -0.989423
   -0.983963,    0.111159,   -0.096073
   -0.115995,   -0.009816,   -0.658065
   -0.564106,    0.127086,   -0.113294
    1.353290,    0.155340,    1.528220
    1.120335,   -0.130245,    0.987128
    3.176255,   -0.091287,    0.857937
    0.397944,    0.075770,    1.262323
    2.013488,   -0.028288,    0.684019
    0.335085,   -0.107362,   -0.027531
    1.040631,    0.069571,   -1.135167
    0.124217,    0.045003,   -0.039327
    2.086834,   -0.100381,    0.279743
   -0.124503,   -0.117548,   -0.057838
   -1.746970,   -0.127620,    0.138157
   -0.169049,    0.130995,   -0.232054
    0.615375,    0.069307,    0.280293
    2.335205,   -0.164829,    0.505326
    0.264238,    0.171906,   -1.364987
    1.491910,   -0.171047,   -1.372851
   -1.570394,   -0.133922,    1.062781
   -0.181784,    0.020017,   -0.306210
    0.151786,   -0.011126,    0.151637
    1.771609,   -0.187851,    1.041133
   -0.729252,    0.031075,    0.566196
   -1.838668,    0.159266,    0.674388
    1.223671,   -0.077621,   -1.316613
    1.396831,   -0.041364,    0.072164
   -1.289254,    0.199392,    0.165826
   -1.899405,    0.037623,   -0.873889
    1.727155,    0.040516,    0.281963
   -0.359103,    0.226841,   -0.285897
    1.849177,   -0.000832,    0.431784
    2.649143,   -0.144584,   -0.356415
    0.928002,   -0.134862,    0.842862
   -0.571546,    0.108397,    0.088757
   -1.312801,    0.140881,    1.362314
   -0.197930,    0.116959,    0.475212
    1.821659,   -0.063336,   -1.211341
   -1.541652,    0.104977,   -0.113713
   -1.595394,   -0.051185,   -0.653902
   -1.766215,    0.087755,    0.135174
    0.761945,    0.135197,    0.590068
    1.490346,    0.026060,    1.001775
    1.444488,    0.079688,   -0.940091
    0.287176,   -0.163526,   -0.703540
    1.684166,   -0.109895,    0.437033
   -0.421933,    0.124852,    1.273324
    0.366143,    0.137477,   -0.455087
   -0.386178,   -0.002461,    0.346367
    0.013236,   -0.126784,   -0.093289
    0.694662,   -0.066618,    0.186558
    0.502747,   -0.050034,   -0.442466
   -0.446836,    0.030633,   -0.031317
   -0.660190,   -0.061903,    0.822233
    1.003203,   -0.060913,   -1.237485
    0.135187,    0.000060,   -0.397346
   -2.165220,    0.149263,    0.112362
   -0.186364,    0.066129,    0.010069
    1.370189,    0.056190,    1.755964
   -0.837645,    0.038334,    0.850978
   -0.587049,    0.132579,   -0.785012
   -1.988782,    0.036392,   -1.878228
   -1.285713,    0.249217,   -0.962339
    0.835956,    0.097624,    1.203942
    1.866226,   -0.042666,   -0.274875
   -0.547146,   -0.018159,    1.911440
    1.067586,    0.138355,    0.117454
    0.397926,   -0.240638,    0.507191
    1.198773,    0.009912,    0.367676
   -0.680028,    0.066443,   -0.130645
    2.496992,   -0.091674,    0.416076
   -0.138243,   -0.091757,    0.411300
    0.141156,    0.027219,   -0.072609
    1.421578,   -0.003405,    0.755988
   -0.175967,    0.145388,   -0.579828
   -0.339855,   -0.120705,   -1.807105
   -1.281284,    0.112048,    0.179065
    0.626057,   -0.122620,   -1.406734
   -1.334308,   -0.074507,   -0.679513
    0.879607,    0.331039,    1.345174
   -0.968542,    0.086587,   -0.812186
    1.773376,   -0.110085,    0.614510
    0.808367,    0.056343,   -0.804641
   -1.303025,    0.088349,   -0.660379
   -1.320499,    0.087743,    1.760749
    2.009741,   -0.146429,   -0.694127
    0.741300,   -0.126807,    0.311756
   -0.299221,   -0.008376,    0.722582
    1.909821,    0.131589,   -0.649005
   -0.193773,   -0.035681,   -0.015395
    0.803991,   -0.072031,   -0.027818
    0.491672,   -0.107256,    0.198091
   -0.214362,    0.015944,    0.055330
    0.824931,    0.111586,    0.526261
   -0.907883,    0.145208,    1.259834
    0.151774,    0.050800,   -0.949558
   -1.537615,    0.042919,    0.011358
    0.112113,   -0.067921,    0.144047
    2.302935,    0.003317,   -0.114289
   -0.798915,    0.060880,    0.471559
    0.601102,   -0.034147,    0.108523
   -3.024647,    0.215719,    0.575294
    1.359094,    0.087277,   -1.654258
   -1.563401,    0.027254,    0.632120
    1.922295,    0.025300,    0.678045
    0.328762,   -0.009212,   -0.837724
   -0.300018,   -0.110210,    0.024225
    1.221773,   -0.166951,    1.974312
    0.015075,    0.132438,    1.233337
   -1.106791,    0.115514,    0.126334
   -0.972812,    0.023618,   -0.618084
    0.262225,   -0.082435,    0.266972
    0.250019,   -0.179368,    0.891501
    0.417623,    0.058199,    0.170914
   -0.703298,    0.031672,    0.821045
    0.904378,    0.187413,    0.486385
   -1.126577,    0.230604,    0.848949
   -0.929011,    0.056752,    0.130131
    1.118063,   -0.075804,    0.590483
    1.079988,   -0.114357,    1.752896
    0.087923,    0.041654,   -0.588821
    0.346311,   -0.141063,   -0.180739
    0.159930,   -0.050058,   -0.492161
   -1.034574,    0.001098,   -0.200084
    1.497607,   -0.135462,   -0.793756
    0.520215,   -0.023132,    0.864887
    0.141645,    0.133298,    0.891918
    0.727465,    0.090764,    0.755864
    0.408903,    0.083662,   -1.610766
   -0.984961,    0.121696,   -0.512532
    0.442145,   -0.037729,    0.283656
    0.618451,    0.002143,    0.538426
   -0.837853,    0.132964,   -0.420292
    0.474644,    0.049560,   -0.480821
    0.372645,   -0.095880,    1.510569
   -1.706055,    0.155661,    0.255449
   -0.516888,   -0.022155,   -0.908230
   -0.494654,    0.146443,   -1.433349
   -0.257642,   -0.047312,   -0.082338
   -0.548563,    0.026822,    0.497833
    0.340808,    0.003596,    0.004012
   -0.855555,   -0.056976,   -0.430767
    1.495307,   -0.044997,   -0.516139
    1.364698,   -0.022489,    0.228611
    0.539147,   -0.006450,    0.680421
   -0.012152,   -0.053152,   -0.185051
   -2.007560,    0.174582,   -0.893086
   -1.284195,    0.160469,    0.136133
   -0.083683,   -0.049168,   -1.000672
    0.541043,   -0.044671,    0.255869
   -0.633942,   -0.014131,   -0.413876
    0.753964,   -0.339656,    0.413766
   -1.346102,   -0.098331,   -0.511485
   -1.004109,    0.029317,   -0.363833
    1.153328,    0.064480,    1.002490
    1.056655,    0.044720,    0.384526
    0.384832,   -0.056313,    0.596087
    1.041566,   -0.046107,    1.549423
   -0.161409,    0.039377,   -0.918074
   -1.104713,    0.292895,   -0.811271
    0.175702,    0.090232,   -0.289234
   -0.593493,    0.024907,   -0.037108
    0.763255,    0.101826,   -0.924356
    1.869685,    0.181062,    2.818099
    0.700678,    0.000244,    0.190494
    0.900597,   -0.042461,   -0.362219
    0.281399,    0.038383,    0.039303
    1.261586,   -0.089795,    0.994996
    0.488251,   -0.020280,    0.043047
   -0.188850,    0.105604,    0.876931
    1.112368,   -0.153498,   -0.040026
   -0.251145,   -0.046195,   -0.113141
    0.948246,   -0.057573,   -0.389317
   -0.360174,    0.094771,    0.845432
    0.667521,    0.144259,   -0.292083
    0.531087,    0.108960,    0.783965
   -0.629935,   -0.068688,    0.746503
    0.162466,    0.032316,   -0.029832
    0.306689,    0.090713,    0.869909
    0.801685,    0.090054,    0.138739
   -0.260931,   -0.051295,    1.039129
    0.621079,   -0.050904,   -0.451793
   -0.054556,   -0.039982,    0.566905
   -0.010872,    0.091755,    0.582269
   -0.294934,    0.031350,    0.134676
   -0.162658,    0.065875,   -1.201319
    1.426918,   -0.048524,    0.613624
    1.001999,   -0.084367,    1.602665
   -0.283809,    0.104430,    0.020654
   -0.128925,    0.083874,   -0.399004
    0.742090,   -0.098309,    0.556730
    0.256391,   -0.016936,   -0.471620
   -0.211096,    0.148979,   -0.028893
    0.576758,    0.005012,    0.308464
    0.189549,    0.003723,    0.189933
   -0.317308,    0.076126,   -0.729460
   -0.787520,    0.005484,   -0.160638
    1.291577,    0.044804,    0.281849
   -1.196200,    0.077105,    0.452258
   -0.467422,    0.176046,    0.607623
    2.543247,   -0.059814,   -0.304540
    0.153153,    0.108810,    0.160146
   -2.315346,    0.228312,   -1.483568
   -0.361749,    0.119964,    0.774917
    1.951188,   -0.082308,    0.487240
    0.162430,   -0.005537,   -0.969906
    0.462317,   -0.297605,    1.320071
   -2.807884,    0.229830,   -1.190817
   -2.775745,    0.272956,    0.918855
   -2.326837,    0.123941,   -0.986209
   -3.636601,    0.303669,   -0.768712
    6.286217,   -0.474324,    1.700853
   -1.112399,    0.204868,    0.859843
    1.875460,    0.053134,    0.120661
   -2.199928,    0.295635,    0.078386
    0.289240,   -0.012107,    0.319381
    1.067871,    0.114152,   -1.320947
   -2.997709,    0.151565,    0.311508
