TB3MS,TB6MS,GS1,GS3,GS5,GS7,GS10
7.87,7.78,8.10,8.24,8.17,7.73,7.79
7.13,7.22,7.59,7.79,7.82,7.51,7.24
6.63,6.58,6.97,7.15,7.21,7.13,7.07
6.51,6.60,7.06,7.39,7.50,7.45,7.39
6.84,7.02,7.75,7.94,7.97,7.93,7.91
6.68,6.86,7.55,7.84,7.85,7.84,7.84
6.45,6.51,7.10,7.56,7.59,7.61,7.46
6.41,6.55,6.98,7.46,7.57,7.59,7.53
6.12,6.46,6.73,7.11,7.29,7.40,7.39
5.91,6.21,6.43,6.96,7.12,7.32,7.33
5.28,5.42,5.51,6.25,6.47,6.76,6.84
4.87,4.89,5.00,5.75,5.95,6.23,6.39
4.44,4.47,4.57,5.61,5.89,6.16,6.24
3.70,3.78,3.89,5.07,5.56,5.94,6.11
3.38,3.50,3.69,4.50,5.00,5.42,5.70
3.86,4.03,4.30,5.22,5.65,5.87,5.83
4.14,4.36,5.04,5.97,6.28,6.42,6.39
4.75,4.97,5.64,6.32,6.53,6.65,6.52
5.40,5.63,6.04,6.74,6.85,6.92,6.73
4.94,5.22,5.80,6.35,6.55,6.67,6.58
4.69,4.97,5.41,5.89,6.14,6.20,6.14
4.46,4.60,4.91,5.56,5.93,5.98,5.93
4.22,4.38,4.67,5.35,5.78,5.94,5.81
4.01,4.23,4.60,5.27,5.69,5.97,5.93
3.38,3.66,4.28,5.14,5.59,5.91,5.95
3.20,3.63,4.27,5.25,5.69,5.99,6.08
3.73,4.12,4.67,5.56,5.87,6.05,6.07
3.71,4.23,4.96,5.88,6.17,6.22,6.19
3.69,4.12,4.64,5.55,5.85,6.07,6.13
3.91,4.35,4.93,5.64,5.91,6.06,6.11
3.98,4.50,4.96,5.78,5.97,6.09,6.11
4.02,4.55,4.98,5.79,6.02,6.19,6.21
4.66,5.13,5.52,6.06,6.25,6.43,6.55
4.74,5.13,5.52,6.05,6.18,6.35,6.48
4.78,5.09,5.27,5.94,6.12,6.18,6.28
5.07,5.30,5.52,6.01,6.16,6.20,6.36
5.41,5.62,5.89,6.27,6.34,6.36,6.46
5.60,5.83,6.19,6.58,6.60,6.60,6.64
6.09,6.51,6.85,6.86,6.80,6.76,6.71
6.26,6.52,6.85,6.78,6.67,6.67,6.67
6.36,6.62,6.89,6.83,6.80,6.83,6.85
7.19,7.23,7.31,6.84,6.69,6.81,6.90
8.01,8.12,8.39,7.54,7.33,7.23,7.13
8.67,8.65,8.82,7.89,7.63,7.52,7.40
8.29,8.45,8.31,7.25,7.05,7.08,7.09
7.22,7.32,7.40,6.81,6.77,6.78,6.79
7.83,7.96,7.57,7.00,6.92,6.89,6.73
7.45,7.56,7.27,6.81,6.80,6.77,6.74
7.77,7.65,7.42,6.96,6.95,6.88,6.99
7.12,6.96,6.88,6.76,6.82,6.92,6.96
7.96,7.83,7.76,7.35,7.31,7.34,7.21
8.33,8.32,8.62,8.05,7.92,7.77,7.51
8.23,8.40,8.78,8.27,8.18,7.93,7.58
7.90,8.12,8.67,8.15,8.10,7.90,7.54
7.55,7.94,8.80,8.41,8.38,8.19,7.81
8.96,9.11,9.36,8.66,8.63,8.41,8.04
8.06,8.53,8.87,8.41,8.37,8.25,8.04
7.46,7.74,8.05,8.00,7.97,7.92,7.90
7.47,7.52,7.66,7.61,7.68,7.68,7.68
7.15,7.11,7.31,7.24,7.31,7.38,7.43
6.26,6.36,6.83,7.23,7.41,7.45,7.50
5.50,5.62,5.98,6.65,7.11,7.30,7.39
5.49,5.62,6.11,6.81,7.30,7.58,7.73
5.61,6.00,6.90,7.76,7.99,8.10,8.23
5.23,5.59,6.39,7.39,7.72,7.90,8.06
5.34,5.61,6.29,7.17,7.51,7.69,7.86
6.13,6.50,7.11,7.72,7.92,7.99,8.06
6.44,6.94,7.70,8.16,8.33,8.37,8.40
6.42,6.92,7.75,8.29,8.37,8.39,8.43
5.96,6.25,6.95,7.81,7.97,8.06,8.14
5.48,5.80,6.49,7.46,7.80,7.98,8.05
5.44,5.85,6.60,7.43,7.76,7.93,8.00
4.87,5.14,5.81,6.99,7.46,7.67,7.74
4.88,5.20,5.91,7.06,7.45,7.72,7.79
5.00,5.44,6.21,7.13,7.49,7.65,7.73
4.86,5.18,5.92,6.84,7.25,7.44,7.56
5.20,5.62,6.40,7.27,7.59,7.77,7.90
5.41,5.77,6.52,7.31,7.61,7.75,7.86
5.23,5.53,6.20,7.12,7.49,7.70,7.83
5.14,5.40,6.00,6.86,7.31,7.58,7.77
5.08,5.30,5.84,6.66,7.13,7.41,7.59
4.92,5.06,5.50,6.24,6.75,7.16,7.41
4.75,4.88,5.29,6.09,6.52,6.86,7.29
4.35,4.51,4.89,5.68,6.10,6.37,6.87
4.62,4.83,5.29,6.22,6.58,6.92,7.21
4.67,4.90,5.47,6.44,6.83,7.16,7.39
4.60,4.88,5.50,6.47,6.93,7.20,7.46
4.54,4.80,5.44,6.31,6.79,7.11,7.37
4.96,5.20,5.84,6.55,6.94,7.26,7.46
5.02,5.21,5.80,6.39,6.76,7.05,7.28
5.19,5.40,5.94,6.51,6.84,7.12,7.33
5.49,5.83,6.37,6.79,7.03,7.24,7.40
5.81,6.04,6.53,6.84,7.04,7.21,7.34
6.16,6.43,6.97,7.19,7.32,7.44,7.52
6.10,6.41,6.95,7.22,7.34,7.46,7.58
6.07,6.40,6.96,7.30,7.48,7.59,7.69
6.44,6.70,7.28,7.61,7.77,7.86,7.96
6.45,6.74,7.34,7.67,7.83,7.94,8.03
6.29,6.63,7.31,7.70,7.86,7.95,8.04
6.29,6.73,7.45,7.85,7.98,8.06,8.15
6.41,7.02,7.82,8.07,8.18,8.25,8.35
6.73,7.23,8.09,8.30,8.36,8.40,8.46
7.01,7.44,8.39,8.54,8.54,8.55,8.64
7.08,7.37,8.31,8.33,8.33,8.38,8.41
7.85,7.99,8.64,8.41,8.43,8.42,8.42
7.99,8.55,9.14,8.62,8.61,8.64,8.64
8.64,9.24,10.01,9.04,8.84,8.80,8.81
9.08,9.36,10.30,9.33,9.08,9.03,9.01
9.35,9.47,10.41,9.50,9.20,9.14,9.10
9.32,9.41,10.24,9.29,9.13,9.11,9.10
9.48,9.47,10.25,9.38,9.20,9.15,9.12
9.46,9.49,10.12,9.43,9.25,9.21,9.18
9.61,9.54,10.12,9.42,9.24,9.23,9.25
9.06,9.06,9.57,8.95,8.85,8.86,8.91
9.24,9.24,9.64,8.94,8.90,8.92,8.95
9.52,9.49,9.98,9.14,9.06,9.05,9.03
10.26,10.20,10.84,9.69,9.41,9.38,9.33
11.70,11.66,12.44,10.95,10.63,10.47,10.30
11.79,11.82,12.39,11.18,10.93,10.80,10.65
12.04,11.84,11.98,10.71,10.42,10.42,10.39
12.00,11.84,12.06,10.88,10.74,10.77,10.80
12.86,12.86,13.92,12.84,12.60,12.53,12.41
15.20,15.03,15.82,14.05,13.47,13.00,12.75
13.20,12.88,13.30,12.02,11.84,11.49,11.47
8.58,8.65,9.39,9.44,9.95,10.09,10.18
7.07,7.30,8.16,8.91,9.21,9.45,9.78
8.06,8.06,8.65,9.27,9.53,9.84,10.25
9.13,9.41,10.24,10.63,10.84,10.95,11.10
10.27,10.57,11.52,11.57,11.62,11.57,11.51
11.62,11.63,12.49,12.01,11.86,11.79,11.75
13.73,13.50,14.15,13.31,12.83,12.71,12.68
15.49,14.64,14.88,13.65,13.25,13.00,12.84
15.02,14.08,14.08,13.01,12.77,12.66,12.57
14.79,14.05,14.57,13.65,13.41,13.28,13.19
13.36,12.81,13.71,13.51,13.41,13.24,13.12
13.69,13.45,14.32,14.09,13.99,13.85,13.68
16.30,15.29,16.20,15.08,14.63,14.30,14.10
14.73,14.09,14.86,14.29,13.95,13.67,13.47
14.95,14.74,15.72,15.15,14.79,14.49,14.28
15.51,15.52,16.72,16.00,15.56,15.22,14.94
14.70,14.92,16.52,16.22,15.93,15.65,15.32
13.54,13.82,15.38,15.50,15.41,15.33,15.15
10.86,11.30,12.41,13.11,13.38,13.42,13.39
10.85,11.52,12.85,13.66,13.60,13.62,13.72
12.28,12.83,14.32,14.64,14.65,14.67,14.59
13.48,13.61,14.73,14.73,14.54,14.46,14.43
12.68,12.77,13.95,14.13,13.98,13.93,13.86
12.70,12.80,13.98,14.18,14.00,13.94,13.87
12.09,12.16,13.34,13.77,13.75,13.74,13.62
12.47,12.70,14.07,14.48,14.43,14.47,14.30
11.35,11.88,13.24,14.00,14.07,14.07,13.95
8.68,9.88,11.43,12.62,13.00,13.14,13.06
7.92,9.37,10.85,12.03,12.25,12.36,12.34
7.71,8.29,9.32,10.62,10.80,10.88,10.91
8.07,8.34,9.16,9.98,10.38,10.53,10.55
7.94,8.16,8.91,9.88,10.22,10.49,10.54
7.86,7.93,8.62,9.64,10.03,10.36,10.46
8.11,8.23,8.92,9.91,10.26,10.56,10.72
8.35,8.37,9.04,9.84,10.08,10.31,10.51
8.21,8.30,8.98,9.76,10.02,10.29,10.40
8.19,8.22,8.90,9.66,10.03,10.30,10.38
8.79,8.89,9.66,10.32,10.63,10.83,10.85
9.08,9.26,10.20,10.90,11.21,11.35,11.38
9.34,9.51,10.53,11.30,11.63,11.77,11.85
9.00,9.15,10.16,11.07,11.43,11.61,11.65
8.64,8.83,9.81,10.87,11.28,11.47,11.54
8.76,8.93,9.94,10.96,11.41,11.61,11.69
9.00,9.17,10.11,11.13,11.54,11.78,11.83
8.90,9.01,9.90,10.93,11.37,11.58,11.67
9.09,9.18,10.04,11.05,11.54,11.75,11.84
9.52,9.66,10.59,11.59,12.02,12.25,12.32
9.69,9.84,10.90,11.98,12.37,12.56,12.63
9.83,10.31,11.66,12.75,13.17,13.34,13.41
9.87,10.51,12.08,13.18,13.48,13.56,13.56
10.12,10.52,12.03,13.08,13.27,13.35,13.36
10.47,10.61,11.82,12.50,12.68,12.75,12.72
10.37,10.47,11.58,12.34,12.53,12.60,12.52
9.74,9.87,10.90,11.85,12.06,12.16,12.16
8.61,8.81,9.82,10.90,11.33,11.49,11.57
8.06,8.28,9.33,10.56,11.07,11.45,11.50
7.76,8.00,9.02,10.43,10.93,11.27,11.38
8.27,8.39,9.29,10.55,11.13,11.44,11.51
8.52,8.90,9.86,11.05,11.52,11.82,11.86
7.95,8.23,9.14,10.49,11.01,11.34,11.43
7.48,7.65,8.46,9.75,10.34,10.72,10.85
6.95,7.09,7.80,9.05,9.60,10.08,10.16
7.08,7.20,7.86,9.18,9.70,10.16,10.31
7.14,7.32,8.05,9.31,9.81,10.20,10.33
7.10,7.27,8.07,9.37,9.81,10.24,10.37
7.16,7.33,8.01,9.25,9.69,10.11,10.24
7.24,7.30,7.88,8.88,9.28,9.62,9.78
7.10,7.14,7.67,8.40,8.73,9.11,9.26
7.07,7.16,7.73,8.41,8.68,9.03,9.19
7.06,7.11,7.61,8.10,8.34,8.58,8.70
6.56,6.57,7.03,7.30,7.46,7.67,7.78
6.06,6.08,6.44,6.86,7.05,7.16,7.30
6.15,6.19,6.65,7.27,7.52,7.65,7.71
6.21,6.27,6.73,7.41,7.64,7.75,7.80
5.83,5.86,6.27,6.86,7.06,7.22,7.30
5.53,5.55,5.93,6.49,6.80,7.01,7.17
5.21,5.35,5.77,6.62,6.92,7.28,7.45
5.18,5.26,5.72,6.56,6.83,7.24,7.43
5.35,5.41,5.80,6.46,6.76,7.08,7.25
5.53,5.55,5.87,6.43,6.67,6.97,7.11
5.43,5.44,5.78,6.41,6.64,6.92,7.08
5.59,5.59,5.96,6.56,6.79,7.06,7.25
5.59,5.60,6.03,6.58,6.79,7.06,7.25
5.64,5.90,6.50,7.32,7.57,7.83,8.02
5.66,6.05,7.00,8.02,8.26,8.47,8.61
5.67,5.99,6.80,7.82,8.02,8.27,8.40
5.69,5.76,6.68,7.74,8.01,8.27,8.45
6.04,6.15,7.03,8.03,8.32,8.59,8.76
6.40,6.64,7.67,8.67,8.94,9.26,9.42
6.13,6.69,7.59,8.75,9.08,9.37,9.52
5.69,6.19,6.96,7.99,8.35,8.69,8.86
5.77,6.36,7.17,8.13,8.45,8.82,8.99
5.81,6.25,6.99,7.87,8.18,8.48,8.67
5.66,5.93,6.64,7.38,7.71,8.02,8.21
5.70,5.91,6.71,7.50,7.83,8.19,8.37
5.91,6.21,7.01,7.83,8.19,8.52,8.72
6.26,6.56,7.40,8.24,8.58,8.89,9.09
6.46,6.71,7.49,8.22,8.49,8.78,8.92
6.73,6.99,7.75,8.44,8.66,8.91,9.06
7.06,7.39,8.17,8.77,8.94,9.13,9.26
7.24,7.43,8.09,8.57,8.69,8.87,8.98
7.35,7.50,8.11,8.43,8.51,8.69,8.80
7.76,7.86,8.48,8.72,8.79,8.89,8.96
8.07,8.22,8.99,9.11,9.09,9.13,9.11
8.27,8.36,9.05,9.20,9.15,9.14,9.09
8.53,8.55,9.25,9.32,9.27,9.23,9.17
8.82,8.85,9.57,9.61,9.51,9.43,9.36
8.65,8.65,9.36,9.40,9.30,9.24,9.18
8.43,8.41,8.98,8.98,8.91,8.88,8.86
8.15,7.93,8.44,8.37,8.29,8.31,8.28
7.88,7.61,7.89,7.83,7.83,7.94,8.02
7.90,7.74,8.18,8.13,8.09,8.11,8.11
7.75,7.74,8.22,8.26,8.17,8.23,8.19
7.64,7.62,7.99,8.02,7.97,8.03,8.01
7.69,7.49,7.77,7.80,7.81,7.86,7.87
7.63,7.42,7.72,7.77,7.75,7.85,7.84
7.64,7.55,7.92,8.13,8.12,8.20,8.21
7.74,7.70,8.11,8.39,8.42,8.48,8.47
7.90,7.85,8.35,8.63,8.60,8.65,8.59
7.77,7.84,8.40,8.78,8.77,8.81,8.79
7.74,7.76,8.32,8.69,8.74,8.78,8.76
7.73,7.63,8.10,8.40,8.43,8.52,8.48
7.62,7.52,7.94,8.26,8.33,8.46,8.47
7.45,7.38,7.78,8.22,8.44,8.64,8.75
7.36,7.32,7.76,8.27,8.51,8.79,8.89
7.17,7.16,7.55,8.07,8.33,8.59,8.72
7.06,7.03,7.31,7.74,8.02,8.28,8.39
6.74,6.70,7.05,7.47,7.73,8.00,8.08
6.22,6.28,6.64,7.38,7.70,7.97,8.09
5.94,5.93,6.27,7.08,7.47,7.73,7.85
5.91,5.92,6.40,7.35,7.77,8.00,8.11
5.65,5.71,6.24,7.23,7.70,7.92,8.04
5.46,5.61,6.13,7.12,7.70,7.94,8.07
5.57,5.75,6.36,7.39,7.94,8.17,8.28
5.58,5.70,6.31,7.38,7.91,8.15,8.27
5.33,5.39,5.78,6.80,7.43,7.74,7.90
5.22,5.25,5.57,6.50,7.14,7.48,7.65
4.99,5.04,5.33,6.23,6.87,7.25,7.53
4.56,4.61,4.89,5.90,6.62,7.06,7.42
4.07,4.10,4.38,5.39,6.19,6.69,7.09
3.80,3.87,4.15,5.40,6.24,6.70,7.03
3.84,3.93,4.29,5.72,6.58,6.96,7.34
4.04,4.18,4.63,6.18,6.95,7.26,7.54
3.75,3.87,4.30,5.93,6.78,7.15,7.48
3.63,3.75,4.19,5.81,6.69,7.06,7.39
3.66,3.77,4.17,5.60,6.48,6.90,7.26
3.21,3.28,3.60,4.91,5.84,6.36,6.84
3.13,3.21,3.47,4.72,5.60,6.12,6.59
2.91,2.96,3.18,4.42,5.38,5.96,6.42
2.86,3.04,3.30,4.64,5.60,6.15,6.59
3.13,3.34,3.68,5.14,6.04,6.49,6.87
3.22,3.36,3.71,5.21,6.08,6.46,6.77
3.00,3.14,3.50,4.93,5.83,6.26,6.60
2.93,3.07,3.39,4.58,5.43,5.87,6.26
2.95,3.05,3.33,4.40,5.19,5.66,5.98
2.87,2.97,3.24,4.30,5.13,5.59,5.97
2.96,3.07,3.36,4.40,5.20,5.66,6.04
3.07,3.20,3.54,4.53,5.22,5.61,5.96
3.04,3.16,3.47,4.43,5.09,5.48,5.81
3.02,3.14,3.44,4.36,5.03,5.35,5.68
2.95,3.06,3.36,4.17,4.73,5.08,5.36
3.02,3.12,3.39,4.18,4.71,5.05,5.33
3.10,3.26,3.58,4.50,5.06,5.45,5.72
3.06,3.23,3.61,4.54,5.15,5.48,5.77
2.98,3.15,3.54,4.48,5.09,5.43,5.75
3.25,3.43,3.87,4.83,5.40,5.72,5.97
3.50,3.78,4.32,5.40,5.94,6.28,6.48
3.68,4.09,4.82,5.99,6.52,6.80,6.97
4.14,4.60,5.31,6.34,6.78,7.01,7.18
4.14,4.55,5.27,6.27,6.70,6.91,7.10
4.33,4.75,5.48,6.48,6.91,7.12,7.30
4.48,4.88,5.56,6.50,6.88,7.06,7.24
4.62,5.04,5.76,6.69,7.08,7.28,7.46
4.95,5.39,6.11,7.04,7.40,7.58,7.74
5.29,5.72,6.54,7.44,7.72,7.83,7.96
5.60,6.21,7.14,7.71,7.78,7.80,7.81
5.71,6.21,7.05,7.66,7.76,7.79,7.78
5.77,6.03,6.70,7.25,7.37,7.44,7.47
5.73,5.89,6.43,6.89,7.05,7.14,7.20
5.65,5.77,6.27,6.68,6.86,6.95,7.06
5.67,5.67,6.00,6.27,6.41,6.50,6.63
5.47,5.42,5.64,5.80,5.93,6.05,6.17
5.42,5.37,5.59,5.89,6.01,6.20,6.28
5.40,5.41,5.75,6.10,6.24,6.41,6.49
5.28,5.30,5.62,5.89,6.00,6.13,6.20
5.28,5.32,5.59,5.77,5.86,5.97,6.04
5.36,5.27,5.43,5.57,5.69,5.83,5.93
5.14,5.13,5.31,5.39,5.51,5.63,5.71
5.00,4.92,5.09,5.20,5.36,5.54,5.65
4.83,4.77,4.94,5.14,5.38,5.64,5.81
4.96,4.96,5.34,5.79,5.97,6.19,6.27
4.95,5.06,5.54,6.11,6.30,6.48,6.51
5.02,5.12,5.64,6.27,6.48,6.66,6.74
5.09,5.25,5.81,6.49,6.69,6.83,6.91
5.15,5.30,5.85,6.45,6.64,6.76,6.87
5.05,5.13,5.67,6.21,6.39,6.52,6.64
5.09,5.24,5.83,6.41,6.60,6.73,6.83
4.99,5.11,5.55,6.08,6.27,6.42,6.53
5.03,5.07,5.42,5.82,5.97,6.10,6.20
4.91,5.04,5.47,5.91,6.07,6.20,6.30
5.03,5.10,5.61,6.16,6.33,6.47,6.58
5.01,5.06,5.53,6.03,6.20,6.32,6.42
5.14,5.26,5.80,6.38,6.54,6.65,6.69
5.16,5.37,5.99,6.61,6.76,6.86,6.89
5.05,5.30,5.87,6.42,6.57,6.66,6.71
4.93,5.13,5.69,6.24,6.38,6.46,6.49
5.05,5.12,5.54,6.00,6.12,6.20,6.22
5.14,5.19,5.56,6.06,6.16,6.29,6.30
4.95,5.09,5.52,5.98,6.11,6.20,6.21
4.97,5.09,5.46,5.84,5.93,6.05,6.03
5.14,5.17,5.46,5.76,5.80,5.90,5.88
5.16,5.24,5.53,5.74,5.77,5.83,5.81
5.04,5.03,5.24,5.38,5.42,5.53,5.54
5.09,5.07,5.31,5.43,5.49,5.60,5.57
5.03,5.04,5.39,5.57,5.61,5.71,5.65
4.95,5.06,5.38,5.58,5.61,5.70,5.64
5.00,5.14,5.44,5.61,5.63,5.72,5.65
4.98,5.12,5.41,5.52,5.52,5.56,5.50
4.96,5.03,5.36,5.47,5.46,5.52,5.46
4.90,4.95,5.21,5.24,5.27,5.36,5.34
4.61,4.63,4.71,4.62,4.62,4.76,4.81
3.96,4.05,4.12,4.18,4.18,4.46,4.53
4.41,4.42,4.53,4.57,4.54,4.78,4.83
4.39,4.40,4.52,4.48,4.45,4.65,4.65
4.34,4.33,4.51,4.61,4.60,4.80,4.72
4.44,4.44,4.70,4.90,4.91,5.10,5.00
4.44,4.47,4.78,5.11,5.14,5.36,5.23
4.29,4.37,4.69,5.03,5.08,5.28,5.18
4.50,4.56,4.85,5.33,5.44,5.64,5.54
4.57,4.82,5.10,5.70,5.81,6.05,5.90
4.55,4.58,5.03,5.62,5.68,5.94,5.79
4.72,4.87,5.20,5.77,5.84,6.15,5.94
4.68,4.88,5.25,5.75,5.80,6.12,5.92
4.86,4.98,5.43,5.94,6.03,6.33,6.11
5.07,5.20,5.55,5.92,5.97,6.17,6.03
5.20,5.44,5.84,6.14,6.19,6.38,6.28
5.32,5.50,6.12,6.49,6.58,6.70,6.66
5.55,5.72,6.22,6.65,6.68,6.72,6.52
5.69,5.85,6.22,6.53,6.50,6.51,6.26
5.66,5.81,6.15,6.36,6.26,6.27,5.99
5.79,6.10,6.33,6.77,6.69,6.69,6.44
5.69,5.97,6.17,6.43,6.30,6.33,6.10
5.96,6.00,6.08,6.28,6.18,6.22,6.05
6.09,6.07,6.18,6.17,6.06,6.05,5.83
6.00,5.98,6.13,6.02,5.93,5.98,5.80
6.11,6.04,6.01,5.85,5.78,5.84,5.74
6.17,6.06,6.09,5.79,5.70,5.78,5.72
5.77,5.68,5.60,5.26,5.17,5.28,5.24
5.15,4.95,4.81,4.77,4.86,5.13,5.16
4.88,4.71,4.68,4.71,4.89,5.10,5.10
4.42,4.28,4.30,4.43,4.64,4.88,4.89
3.87,3.85,3.98,4.42,4.76,5.03,5.14
3.62,3.62,3.78,4.51,4.93,5.24,5.39
3.49,3.45,3.58,4.35,4.81,5.14,5.28
3.51,3.45,3.62,4.31,4.76,5.06,5.24
3.36,3.29,3.47,4.04,4.57,4.84,4.97
2.64,2.63,2.82,3.45,4.12,4.51,4.73
2.16,2.12,2.33,3.14,3.91,4.31,4.57
1.87,1.88,2.18,3.22,3.97,4.42,4.65
1.69,1.78,2.22,3.62,4.39,4.86,5.09
1.65,1.73,2.16,3.56,4.34,4.79,5.04
1.73,1.82,2.23,3.55,4.30,4.71,4.91
1.79,2.01,2.57,4.14,4.74,5.14,5.28
1.72,1.93,2.48,4.01,4.65,5.02,5.21
1.73,1.86,2.35,3.80,4.49,4.90,5.16
1.70,1.79,2.20,3.49,4.19,4.60,4.93
1.68,1.70,1.96,3.01,3.81,4.30,4.65
1.62,1.60,1.76,2.52,3.29,3.88,4.26
1.63,1.60,1.72,2.32,2.94,3.50,3.87
1.58,1.56,1.65,2.25,2.95,3.54,3.94
1.23,1.27,1.49,2.32,3.05,3.64,4.05
1.19,1.24,1.45,2.23,3.03,3.63,4.03
1.17,1.20,1.36,2.18,3.05,3.60,4.05
1.17,1.18,1.30,2.05,2.90,3.45,3.90
1.13,1.13,1.24,1.98,2.78,3.34,3.81
1.13,1.14,1.27,2.06,2.93,3.47,3.96
1.07,1.08,1.18,1.75,2.52,3.07,3.57
0.92,0.92,1.01,1.51,2.27,2.84,3.33
0.90,0.95,1.12,1.93,2.87,3.45,3.98
0.95,1.03,1.31,2.44,3.37,3.96,4.45
0.94,1.01,1.24,2.23,3.18,3.74,4.27
0.92,1.00,1.25,2.26,3.19,3.75,4.29
0.93,1.02,1.34,2.45,3.29,3.81,4.30
0.90,0.99,1.31,2.44,3.27,3.79,4.27
0.88,0.97,1.24,2.27,3.12,3.65,4.15
0.93,0.99,1.24,2.25,3.07,3.59,4.08
0.94,0.99,1.19,2.00,2.79,3.31,3.83
0.94,1.09,1.43,2.57,3.39,3.89,4.35
1.02,1.31,1.78,3.10,3.85,4.31,4.72
1.27,1.60,2.12,3.26,3.93,4.35,4.73
1.33,1.66,2.10,3.05,3.69,4.11,4.50
1.48,1.72,2.02,2.88,3.47,3.90,4.28
1.65,1.87,2.12,2.83,3.36,3.75,4.13
1.76,2.00,2.23,2.85,3.35,3.75,4.10
2.07,2.27,2.50,3.09,3.53,3.88,4.19
2.19,2.43,2.67,3.21,3.60,3.93,4.23
2.33,2.61,2.86,3.39,3.71,3.97,4.22
2.54,2.77,3.03,3.54,3.77,3.97,4.17
2.74,3.00,3.30,3.91,4.17,4.33,4.50
2.78,3.05,3.32,3.79,4.00,4.16,4.34
2.84,3.08,3.33,3.72,3.85,3.94,4.14
2.97,3.13,3.36,3.69,3.77,3.86,4.00
3.22,3.42,3.64,3.91,3.98,4.06,4.18
3.44,3.66,3.87,4.08,4.12,4.18,4.26
3.42,3.67,3.85,3.96,4.01,4.08,4.20
3.71,3.99,4.18,4.29,4.33,4.38,4.46
3.88,4.15,4.33,4.43,4.45,4.48,4.54
3.89,4.18,4.35,4.39,4.39,4.41,4.47
4.24,4.31,4.45,4.35,4.35,4.37,4.42
4.43,4.52,4.68,4.64,4.57,4.56,4.57
4.51,4.62,4.77,4.74,4.72,4.71,4.72
4.60,4.72,4.90,4.89,4.90,4.94,4.99
4.72,4.82,5.00,4.97,5.00,5.03,5.11
4.79,4.97,5.16,5.09,5.07,5.08,5.11
4.95,5.06,5.22,5.07,5.04,5.05,5.09
4.96,4.97,5.08,4.85,4.82,4.83,4.88
4.81,4.89,4.97,4.69,4.67,4.68,4.72
4.92,4.92,5.01,4.72,4.69,4.69,4.73
4.94,4.95,5.01,4.64,4.58,4.58,4.60
4.85,4.88,4.94,4.58,4.53,4.54,4.56
4.98,4.95,5.06,4.79,4.75,4.75,4.76
5.03,4.96,5.05,4.75,4.71,4.71,4.72
4.94,4.89,4.92,4.51,4.48,4.50,4.56
4.87,4.86,4.93,4.60,4.59,4.62,4.69
4.73,4.78,4.91,4.69,4.67,4.69,4.75
4.61,4.76,4.96,5.00,5.03,5.05,5.10
4.82,4.83,4.96,4.82,4.88,4.93,5.00
4.20,4.38,4.47,4.34,4.43,4.53,4.67
3.89,4.05,4.14,4.06,4.20,4.33,4.52
3.90,4.01,4.10,4.01,4.20,4.33,4.53
3.27,3.46,3.50,3.35,3.67,3.87,4.15
3.00,3.23,3.26,3.13,3.49,3.74,4.10
2.75,2.75,2.71,2.51,2.98,3.31,3.74
2.12,2.04,2.05,2.19,2.78,3.21,3.74
1.26,1.48,1.54,1.80,2.48,2.93,3.51
1.29,1.55,1.74,2.23,2.84,3.19,3.68
1.73,1.82,2.06,2.69,3.15,3.46,3.88
1.86,2.13,2.42,3.08,3.49,3.73,4.10
1.63,1.93,2.28,2.87,3.30,3.60,4.01
1.72,1.92,2.18,2.70,3.14,3.46,3.89
1.13,1.61,1.91,2.32,2.88,3.25,3.69
0.67,1.20,1.42,1.86,2.73,3.19,3.81
0.19,0.73,1.07,1.51,2.29,2.82,3.53
0.03,0.26,0.49,1.07,1.52,1.89,2.42
0.13,0.30,0.44,1.13,1.60,1.98,2.52
0.30,0.45,0.62,1.37,1.87,2.30,2.87
0.21,0.42,0.64,1.31,1.82,2.42,2.82
0.16,0.35,0.55,1.32,1.86,2.47,2.93
0.18,0.30,0.50,1.39,2.13,2.81,3.29
0.18,0.31,0.51,1.76,2.71,3.37,3.72
0.18,0.27,0.48,1.55,2.46,3.14,3.56
0.17,0.26,0.46,1.65,2.57,3.21,3.59
0.12,0.21,0.40,1.48,2.37,3.02,3.40
0.07,0.16,0.37,1.46,2.33,2.96,3.39
0.05,0.15,0.31,1.32,2.23,2.92,3.40
0.05,0.17,0.37,1.38,2.34,3.07,3.59
0.06,0.15,0.35,1.49,2.48,3.21,3.73
0.11,0.18,0.35,1.40,2.36,3.12,3.69
0.15,0.22,0.40,1.51,2.43,3.16,3.73
0.16,0.24,0.45,1.64,2.58,3.28,3.85
0.16,0.22,0.37,1.32,2.18,2.86,3.42
0.12,0.19,0.32,1.17,2.00,2.66,3.20
0.16,0.20,0.29,0.98,1.76,2.43,3.01
0.16,0.19,0.26,0.78,1.47,2.10,2.70
0.15,0.19,0.26,0.74,1.41,2.05,2.65
0.13,0.18,0.23,0.57,1.18,1.85,2.54
0.14,0.18,0.25,0.67,1.35,2.02,2.76
0.14,0.19,0.29,0.99,1.93,2.66,3.29
0.15,0.18,0.27,1.03,1.99,2.72,3.39
0.13,0.17,0.29,1.28,2.26,2.96,3.58
0.10,0.16,0.26,1.17,2.11,2.80,3.41
0.06,0.12,0.25,1.21,2.17,2.84,3.46
0.04,0.09,0.19,0.94,1.84,2.51,3.17
0.04,0.10,0.18,0.71,1.58,2.29,3.00
0.04,0.08,0.19,0.68,1.54,2.28,3.00
0.02,0.06,0.11,0.38,1.02,1.63,2.30
0.01,0.04,0.10,0.35,0.90,1.42,1.98
0.02,0.05,0.11,0.47,1.06,1.62,2.15
0.01,0.05,0.11,0.39,0.91,1.45,2.01
0.01,0.05,0.12,0.39,0.89,1.43,1.98
0.03,0.07,0.12,0.36,0.84,1.38,1.97
0.09,0.12,0.16,0.38,0.83,1.37,1.97
0.08,0.14,0.19,0.51,1.02,1.56,2.17
0.08,0.14,0.18,0.43,0.89,1.43,2.05
0.09,0.15,0.19,0.39,0.76,1.21,1.80
0.09,0.15,0.19,0.39,0.71,1.08,1.62
0.10,0.15,0.19,0.33,0.62,0.98,1.53
0.10,0.14,0.18,0.37,0.71,1.14,1.68
0.11,0.14,0.18,0.34,0.67,1.12,1.72
0.10,0.15,0.18,0.37,0.71,1.15,1.75
0.09,0.14,0.18,0.36,0.67,1.08,1.65
0.07,0.12,0.16,0.35,0.70,1.13,1.72
0.07,0.11,0.15,0.39,0.81,1.30,1.91
0.10,0.12,0.16,0.40,0.85,1.35,1.98
0.09,0.11,0.15,0.39,0.82,1.32,1.96
0.06,0.09,0.12,0.34,0.71,1.15,1.76
